Rank_x,Player,Nation_x,Position_x,Squad_x,Age_x,Born,Matches Played,Starts,Minutes,Full 90s,Goals (G) ,Assists (A) ,G+A,G-PK,Penalties Scored (PK) ,Penalties Taken,Yellow Cards ,Red Cards ,Fouls Commited ,Fouls Drawn ,Offsides,Crosses,Interceptions,Tackles Won ,Own Goals ,Goals ,Assists,G+A.1,G-PK.1,G+A-PK,Weekly Wages (GBP),Annual Wages (GBP)
1,Brenden Aaronson,USA,MF,Leeds United,25-154,2000,30,24,,21.9,4,3,7,4,0,0,1,0,17,43,5,35,13,22,0,0.18,0.14,0.32,0.18,0.32,45000,2340000
2,Zach Abbott,ENG,DF,Nottingham Forest,19-316,2006,2,1,120.0,1.3,0,0,0,0,0,0,0,0,2,1,0,3,2,2,0,0.0,0.0,0.0,0.0,0.0,12500,650000
3,Tammy Abraham,ENG,FW,Aston Villa,28-174,1997,8,1,202.0,2.2,1,0,1,1,0,0,0,0,1,0,0,0,0,1,0,0.45,0.0,0.45,0.45,0.45,140000,7280000
5,Tyler Adams,USA,MF,Bournemouth,27-039,1999,18,18,,15.7,2,1,3,2,0,0,7,0,29,12,1,1,25,19,0,0.13,0.06,0.19,0.13,0.19,60000,3120000
6,Tosin Adarabioyo,ENG,DF,Chelsea,28-182,1997,15,7,750.0,8.3,0,0,0,0,0,0,2,0,5,0,1,0,9,6,0,0.0,0.0,0.0,0.0,0.0,120000,6240000
7,Simon Adingra,CIV,MF,Sunderland,24-083,2002,14,9,653.0,7.3,1,0,1,1,0,0,2,0,18,3,4,27,2,8,0,0.14,0.0,0.14,0.14,0.14,70000,3640000
8,Amine Adli,MAR,MF,Bournemouth,25-319,2000,27,10,,11.6,3,1,4,3,0,0,2,0,26,23,4,39,5,16,0,0.26,0.09,0.35,0.26,0.35,60000,3120000
9,Emmanuel Agbadou,CIV,DF,Wolves,28-281,1997,14,12,,12.2,0,0,0,0,0,0,1,1,10,5,1,13,14,21,0,0.0,0.0,0.0,0.0,0.0,85000,4420000
11,Ola Aina,NGA,DF,Nottingham Forest,29-168,1996,15,15,,14.7,0,0,0,0,0,0,3,0,13,10,0,33,24,17,0,0.0,0.0,0.0,0.0,0.0,60000,3120000
12,Rayan Aït-Nouri,ALG,DF,Manchester City,24-292,2001,13,10,779.0,8.7,0,2,2,0,0,0,2,0,11,8,0,12,13,19,0,0.0,0.23,0.23,0.0,0.23,120000,6240000
13,Kristoffer Ajer,NOR,DF,Brentford,27-342,1998,24,18,,18.1,0,1,1,0,0,0,3,0,22,5,0,7,12,21,0,0.0,0.06,0.06,0.0,0.06,40000,2080000
14,Nathan Aké,NED,DF,Manchester City,31-035,1995,14,4,495.0,5.5,0,0,0,0,0,0,1,0,2,6,1,4,4,6,0,0.0,0.0,0.0,0.0,0.0,160000,8320000
15,Carlos Alcaraz,ARG,MF,Everton,23-115,2002,16,6,675.0,7.5,0,1,1,0,0,0,3,0,8,11,1,5,2,8,0,0.0,0.13,0.13,0.0,0.13,20000,1040000
16,Omar Alderete,PAR,DF,Sunderland,29-089,1996,27,26,,26.2,1,1,2,1,0,0,6,0,26,7,4,9,26,15,0,0.04,0.04,0.08,0.04,0.08,65000,3380000
17,Alisson,BRA,GK,Liverpool,33-174,1992,25,25,,25.0,0,0,0,0,0,0,1,0,1,7,0,0,0,0,0,0.0,0.0,0.0,0.0,0.0,150000,7800000
18,Max Alleyne,ENG,DF,Manchester City,20-247,2005,2,2,135.0,1.5,0,0,0,0,0,0,0,0,0,0,0,0,3,3,0,0.0,0.0,0.0,0.0,0.0,2500,130000
20,Ethan Ampadu,WAL,MF,Leeds United,25-192,2000,28,28,,27.7,1,1,2,1,0,0,7,0,36,28,0,24,39,38,0,0.04,0.04,0.07,0.04,0.07,40000,2080000
21,Joachim Andersen,DEN,DF,Fulham,29-298,1996,28,28,,27.5,0,1,1,0,0,0,7,0,27,10,0,14,26,19,0,0.0,0.04,0.04,0.0,0.04,90000,4680000
22,Elliot Anderson,ENG,MF,Nottingham Forest,23-139,2002,31,31,,30.8,2,2,4,1,1,1,6,0,46,68,2,157,35,54,0,0.06,0.06,0.13,0.03,0.1,40000,2080000
23,André,BRA,MF,Wolves,24-252,2001,28,23,,23.7,1,0,1,1,0,0,9,0,33,37,0,38,21,30,0,0.04,0.0,0.04,0.04,0.04,60000,3120000
24,Nilson Angulo,ECU,MF,Sunderland,22-279,2003,5,3,256.0,2.8,0,0,0,0,0,0,0,0,7,2,1,7,2,5,0,0.0,0.0,0.0,0.0,0.0,25000,1300000
25,Jaidon Anthony,ENG,MF,Burnley,26-114,1999,30,25,,23.5,7,1,8,7,0,0,4,0,20,38,7,59,15,16,0,0.3,0.04,0.34,0.3,0.34,45000,2340000
26,Alphonse Areola,FRA,GK,West Ham United,33-026,1993,20,20,,20.0,0,1,1,0,0,0,0,0,1,1,0,0,1,0,0,0.0,0.05,0.05,0.0,0.05,120000,6240000
27,Jhon Arias,COL,FW,Wolves,28-185,1997,23,14,,12.5,1,0,1,1,0,0,1,0,26,9,3,30,7,27,0,0.08,0.0,0.08,0.08,0.08,65000,3380000
28,Adam Armstrong,ENG,FW,Wolves,29-043,1997,7,7,566.0,6.3,1,2,3,1,0,0,3,0,7,2,1,2,1,3,0,0.16,0.32,0.48,0.16,0.48,65000,3380000
30,Tolu Arokodare,NGA,FW,Wolves,25-122,2000,27,12,,13.8,3,1,4,3,0,1,1,0,17,13,6,0,5,3,0,0.22,0.07,0.29,0.22,0.29,75000,3900000
31,Taiwo Awoniyi,NGA,FW,Nottingham Forest,28-225,1997,12,1,278.0,3.1,2,0,2,2,0,0,1,0,7,3,3,1,1,1,0,0.65,0.0,0.65,0.65,0.65,50000,2600000
32,Yasin Ayari,SWE,MF,Brighton,22-170,2003,24,18,,19.2,3,2,5,3,0,0,1,0,20,24,0,23,24,23,0,0.16,0.1,0.26,0.16,0.26,8000,416000
33,Benoît Badiashile,FRA,DF,Chelsea,24-364,2001,8,6,471.0,5.2,0,0,0,0,0,0,2,0,6,2,0,0,9,5,0,0.0,0.0,0.0,0.0,0.0,90000,4680000
34,Leon Bailey,JAM,MF,Aston Villa,28-228,1997,9,2,340.0,3.8,0,1,1,0,0,0,1,0,5,4,1,15,1,4,0,0.0,0.26,0.26,0.0,0.26,120000,6240000
35,Dilane Bakwa,FRA,MF,Nottingham Forest,23-211,2002,10,3,345.0,3.8,0,1,1,0,0,0,1,0,9,8,0,28,0,2,0,0.0,0.26,0.26,0.0,0.26,70000,3640000
36,Carlos Baleba,CMR,MF,Brighton,22-081,2004,25,19,,14.2,0,0,0,0,0,0,5,0,26,16,0,0,24,15,0,0.0,0.0,0.0,0.0,0.0,12500,650000
37,Daniel Ballard,NIR,DF,Sunderland,26-184,1999,26,22,,22.3,2,0,2,2,0,0,3,0,25,27,3,0,19,16,0,0.09,0.0,0.09,0.09,0.09,35000,1820000
38,Ross Barkley,ENG,MF,Aston Villa,32-110,1993,14,2,402.0,4.5,2,0,2,2,0,0,0,0,3,3,0,0,2,9,0,0.45,0.0,0.45,0.45,0.45,60000,3120000
39,Ashley Barnes,ENG,FW,Burnley,36-146,1989,6,0,40.0,0.4,0,0,0,0,0,0,1,0,2,0,2,0,0,0,0,0.0,0.0,0.0,0.0,0.0,25000,1300000
40,Harvey Barnes,ENG,FW,Newcastle United,28-106,1997,30,17,,18.4,5,0,5,5,0,0,1,0,15,19,3,66,3,5,0,0.27,0.0,0.27,0.27,0.27,80000,4160000
41,Thierno Barry,FRA,FW,Everton,23-155,2002,31,19,,18.2,6,0,6,6,0,0,3,0,36,7,12,3,5,2,0,0.33,0.0,0.33,0.33,0.33,45000,2340000
42,Calvin Bassey,NGA,DF,Fulham,26-084,1999,23,21,,21.2,1,0,1,1,0,0,5,0,22,29,1,9,15,20,0,0.05,0.0,0.05,0.05,0.05,45000,2340000
43,Altay Bayındır,TUR,GK,Manchester Utd,27-345,1998,6,6,540.0,6.0,0,0,0,0,0,0,0,0,0,3,0,0,0,0,0,0.0,0.0,0.0,0.0,0.0,35000,1820000
44,Jean-Ricner Bellegarde,HAI,MF,Wolves,27-271,1998,22,13,,12.1,1,1,2,1,0,0,4,0,17,33,0,22,9,14,0,0.08,0.08,0.17,0.08,0.17,75000,3900000
45,Walter Benítez,ARG,GK,Crystal Palace,33-065,1993,1,1,90.0,1.0,0,0,0,0,0,0,0,0,0,0,0,0,0,0,0,0.0,0.0,0.0,0.0,0.0,35000,1820000
46,Rodrigo Bentancur,URU,MF,Tottenham Hotspur,28-273,1997,20,17,,15.7,1,1,2,1,0,0,5,0,15,3,1,7,24,21,0,0.06,0.06,0.13,0.06,0.13,75000,3900000
47,Sander Berge,NOR,MF,Fulham,28-039,1998,31,30,,28.8,0,1,1,0,0,0,5,0,31,11,0,12,21,37,1,0.0,0.03,0.03,0.0,0.03,55000,2860000
48,Lucas Bergvall,SWE,MF,Tottenham Hotspur,20-051,2006,18,10,850.0,9.4,1,2,3,1,0,0,2,0,19,6,3,18,3,12,0,0.11,0.21,0.32,0.11,0.32,60000,3120000
49,Beto,GNB,FW,Everton,28-053,1998,31,12,,13.5,6,1,7,6,0,0,2,0,27,11,7,2,1,4,0,0.45,0.07,0.52,0.45,0.52,60000,3120000
50,Jaka Bijol,SVN,DF,Leeds United,27-048,1999,18,14,,14.5,1,1,2,1,0,0,3,0,15,9,0,1,20,12,0,0.07,0.07,0.14,0.07,0.14,45000,2340000
51,Yves Bissouma,MLI,MF,Tottenham Hotspur,29-207,1996,8,5,462.0,5.1,0,0,0,0,0,0,3,0,4,5,0,1,8,11,0,0.0,0.0,0.0,0.0,0.0,55000,2860000
52,Marco Bizot,NED,GK,Aston Villa,35-015,1991,5,4,405.0,4.5,0,0,0,0,0,0,2,0,1,1,0,0,0,0,0,0.0,0.0,0.0,0.0,0.0,45000,2340000
53,Oscar Bobb,NOR,MF,Manchester City,22-256,2003,9,5,468.0,5.2,0,1,1,0,0,0,1,0,5,9,0,5,3,5,0,0.0,0.19,0.19,0.0,0.19,50000,2600000
54,Oscar Bobb,NOR,MF,Fulham,22-256,2003,7,3,296.0,3.3,0,0,0,0,0,0,0,0,3,2,0,3,4,2,0,0.0,0.0,0.0,0.0,0.0,50000,2600000
55,Lamare Bogarde,NED,MF,Aston Villa,22-079,2004,24,8,807.0,9.0,0,0,0,0,0,0,5,0,14,17,0,2,3,14,0,0.0,0.0,0.0,0.0,0.0,30000,1560000
56,Jayden Bogle,ENG,DF,Leeds United,25-241,2000,29,27,,26.7,1,1,2,1,0,0,6,0,32,23,9,55,25,34,0,0.04,0.04,0.07,0.04,0.07,30000,1560000
57,Sebastiaan Bornauw,BEL,DF,Leeds United,27-003,1999,9,4,304.0,3.4,0,0,0,0,0,0,1,0,5,0,0,1,5,2,0,0.0,0.0,0.0,0.0,0.0,45000,2340000
58,Olivier Boscagli,FRA,DF,Brighton,28-127,1997,8,5,442.0,4.9,0,1,1,0,0,0,2,0,7,5,0,11,7,5,0,0.0,0.2,0.2,0.0,0.2,60000,3120000
59,Sven Botman,NED,DF,Newcastle United,26-072,2000,18,14,,13.4,1,1,2,1,0,0,1,0,8,11,0,2,8,10,1,0.07,0.07,0.15,0.07,0.15,90000,4680000
60,Jarrod Bowen,ENG,MF,West Ham United,29-095,1996,31,31,,30.9,8,6,14,7,1,1,4,0,17,45,17,108,20,22,0,0.26,0.19,0.45,0.23,0.42,150000,7800000
61,Conor Bradley,NIR,DF,Liverpool,22-259,2003,15,12,929.0,10.3,0,1,1,0,0,0,5,0,18,20,1,23,12,15,0,0.0,0.1,0.1,0.0,0.1,75000,3900000
62,Jarrad Branthwaite,ENG,DF,Everton,23-271,2002,8,5,504.0,5.6,1,0,1,1,0,0,1,0,3,1,0,3,8,5,0,0.18,0.0,0.18,0.18,0.18,120000,6240000
63,Brian Brobbey,NED,FW,Sunderland,24-052,2002,24,15,,15.2,6,1,7,6,0,0,4,0,19,25,8,1,0,1,0,0.39,0.07,0.46,0.39,0.46,60000,3120000
64,Armando Broja,ALB,FW,Burnley,24-196,2001,20,8,819.0,9.1,1,1,2,1,0,0,0,0,12,14,5,2,3,3,0,0.11,0.11,0.22,0.11,0.22,45000,2340000
65,David Brooks,WAL,MF,Bournemouth,28-260,1997,25,12,,11.7,1,2,3,1,0,0,7,0,11,12,2,54,3,9,0,0.09,0.17,0.26,0.09,0.26,50000,2600000
66,Jacob Bruun Larsen,DEN,MF,Burnley,27-187,1998,23,10,972.0,10.8,0,1,1,0,0,0,0,0,1,0,3,39,6,3,0,0.0,0.09,0.09,0.0,0.09,45000,2340000
67,Emi Buendía,ARG,MF,Aston Villa,29-090,1996,29,18,,16.1,5,2,7,5,0,0,6,0,34,33,1,8,8,20,0,0.31,0.12,0.43,0.31,0.43,75000,3900000
68,Hugo Bueno,ESP,MF,Wolves,23-188,2002,28,21,,21.7,1,1,2,1,0,0,1,0,14,20,2,140,29,29,0,0.05,0.05,0.09,0.05,0.09,25000,1300000
69,Santiago Bueno,URU,DF,Wolves,27-136,1998,22,21,,21.4,2,1,3,2,0,0,4,0,21,9,1,5,20,22,0,0.09,0.05,0.14,0.09,0.14,40000,2080000
70,Facundo Buonanotte,ARG,MF,Chelsea,21-092,2004,1,1,45.0,0.5,0,0,0,0,0,0,0,0,0,0,0,0,0,0,0,0.0,0.0,0.0,0.0,0.0,12500,650000
71,Facundo Buonanotte,ARG,MF,Leeds United,21-092,2004,2,0,26.0,0.3,0,0,0,0,0,0,1,0,1,0,0,0,1,0,0,0.0,0.0,0.0,0.0,0.0,12500,650000
72,Dan Burn,ENG,DF,Newcastle United,33-320,1992,23,21,,20.1,0,2,2,0,0,0,9,1,33,9,2,11,16,21,0,0.0,0.1,0.1,0.0,0.1,70000,3640000
75,Sam Byram,ENG,DF,Leeds United,32-190,1993,1,0,8.0,0.1,0,0,0,0,0,0,0,0,1,0,0,0,0,0,0,0.0,0.0,0.0,0.0,0.0,25000,1300000
76,Moisés Caicedo,ECU,MF,Chelsea,24-143,2001,26,25,,24.2,3,1,4,3,0,0,9,1,41,40,0,8,51,43,0,0.12,0.04,0.17,0.12,0.17,150000,7800000
77,Tom Cairney,SCO,MF,Fulham,35-064,1991,20,4,562.0,6.2,1,0,1,1,0,0,3,0,8,9,0,6,2,3,0,0.16,0.0,0.16,0.16,0.16,35000,1820000
78,Riccardo Calafiori,ITA,DF,Arsenal,23-310,2002,22,18,,16.1,1,2,3,1,0,0,5,0,25,9,2,21,13,18,0,0.06,0.12,0.19,0.06,0.19,120000,6240000
79,Dominic Calvert-Lewin,ENG,FW,Leeds United,29-009,1997,28,23,,23.5,10,1,11,8,2,3,1,0,32,30,22,7,2,4,0,0.43,0.04,0.47,0.34,0.38,100000,5200000
80,Jaydee Canvot,FRA,DF,Crystal Palace,19-239,2006,13,7,706.0,7.8,0,0,0,0,0,0,2,0,9,3,0,3,6,13,0,0.0,0.0,0.0,0.0,0.0,25000,1300000
81,Fabio Carvalho,POR,MF,Brentford,23-207,2002,6,1,102.0,1.1,1,0,1,1,0,0,0,0,0,0,0,5,0,2,0,0.88,0.0,0.88,0.88,0.88,40000,2080000
82,Casemiro,BRA,MF,Manchester Utd,34-030,1992,29,28,,23.7,7,2,9,7,0,0,10,1,41,27,3,16,21,36,0,0.3,0.08,0.38,0.3,0.38,350000,18200000
83,Matty Cash,POL,DF,Aston Villa,28-230,1997,28,28,,27.1,3,2,5,3,0,0,7,0,38,25,3,105,20,23,0,0.11,0.07,0.18,0.11,0.18,100000,5200000
84,Timothy Castagne,BEL,DF,Fulham,30-110,1995,23,13,,13.6,0,0,0,0,0,0,3,0,14,4,0,36,20,16,0,0.0,0.0,0.0,0.0,0.0,65000,3380000
85,Valentín Castellanos,ARG,FW,West Ham United,27-173,1998,11,11,860.0,9.6,2,0,2,2,0,0,2,0,19,10,7,4,1,5,0,0.21,0.0,0.21,0.21,0.21,75000,3900000
86,Trevoh Chalobah,ENG,DF,Chelsea,26-263,1999,29,29,,28.3,3,0,3,3,0,0,3,1,20,18,2,5,35,22,0,0.11,0.0,0.11,0.11,0.11,50000,2600000
87,Rayan Cherki,FRA,MF,Manchester City,22-220,2003,25,14,,14.5,3,8,11,3,0,0,1,0,14,30,1,58,7,15,0,0.21,0.55,0.76,0.21,0.76,180000,9360000
88,Federico Chiesa,ITA,MF,Liverpool,28-151,1997,23,1,296.0,3.3,2,1,3,2,0,0,3,0,9,5,2,14,4,5,0,0.61,0.3,0.91,0.61,0.91,150000,7800000
89,Tawanda Chirewa,ZIM,MF,Wolves,22-164,2003,2,0,27.0,0.3,0,0,0,0,0,0,0,0,3,1,0,0,0,0,0,0.0,0.0,0.0,0.0,0.0,10000,520000
90,Ryan Christie,SCO,MF,Bournemouth,31-031,1995,21,5,727.0,8.1,2,0,2,2,0,0,2,0,13,16,1,15,8,14,0,0.25,0.0,0.25,0.25,0.25,70000,3640000
91,Samuel Chukwueze,NGA,MF,Fulham,26-307,1999,17,7,809.0,9.0,3,4,7,3,0,0,0,0,5,10,3,28,5,4,0,0.33,0.44,0.78,0.33,0.78,120000,6240000
92,Dennis Cirkin,ENG,DF,Sunderland,23-353,2002,7,3,304.0,3.4,0,0,0,0,0,0,1,0,3,2,0,3,5,5,0,0.0,0.0,0.0,0.0,0.0,20000,1040000
93,Nathaniel Clyne,ENG,MF,Crystal Palace,34-354,1991,8,6,495.0,5.5,0,1,1,0,0,0,1,0,4,1,0,14,7,9,0,0.0,0.18,0.18,0.0,0.18,50000,2600000
94,Séamus Coleman,IRL,DF,Everton,37-165,1988,3,1,11.0,0.1,0,0,0,0,0,0,0,0,0,1,0,1,0,0,0,0.0,0.0,0.0,0.0,0.0,55000,2860000
95,Nathan Collins,IRL,DF,Brentford,24-329,2001,28,25,,26.1,1,2,3,1,0,0,5,0,16,15,2,1,28,9,1,0.04,0.08,0.12,0.04,0.12,30000,1560000
96,Lewis Cook,ENG,MF,Bournemouth,29-050,1997,16,8,872.0,9.7,0,1,1,0,0,0,1,1,8,5,0,44,21,17,0,0.0,0.1,0.1,0.0,0.1,60000,3120000
97,Diego Coppola,ITA,DF,Brighton,22-087,2003,5,2,194.0,2.2,0,0,0,0,0,0,2,0,4,0,0,0,1,2,0,0.0,0.0,0.0,0.0,0.0,25000,1300000
98,Marc Cucurella,ESP,DF,Chelsea,27-246,1998,27,24,,23.1,1,3,4,1,0,0,5,1,35,20,1,26,21,32,0,0.04,0.13,0.17,0.04,0.17,175000,9100000
99,Jorge Cuenca,ESP,DF,Fulham,26-128,1999,14,11,933.0,10.4,0,0,0,0,0,0,5,0,9,1,1,2,15,10,0,0.0,0.0,0.0,0.0,0.0,25000,1300000
100,Josh Cullen,IRL,MF,Burnley,29-352,1996,18,18,,16.8,2,2,4,2,0,0,2,0,16,18,0,12,24,19,1,0.12,0.12,0.24,0.12,0.24,55000,2860000
101,Jair Cunha,BRA,DF,Nottingham Forest,21-018,2005,3,2,215.0,2.4,0,0,0,0,0,0,0,0,0,1,0,0,3,3,0,0.0,0.0,0.0,0.0,0.0,35000,1820000
102,Matheus Cunha,BRA,MF,Manchester Utd,26-302,1999,28,24,,23.0,7,2,9,7,0,0,1,0,18,48,2,43,16,19,0,0.3,0.09,0.39,0.3,0.39,180000,9360000
103,Diogo Dalot,POR,MF,Manchester Utd,27-007,1999,29,25,,24.8,1,3,4,1,0,0,5,0,22,12,4,51,24,25,0,0.04,0.12,0.16,0.04,0.16,85000,4420000
104,Mikkel Damsgaard,DEN,MF,Brentford,25-265,2000,26,18,,17.5,3,4,7,3,0,0,0,0,15,18,3,83,18,25,0,0.17,0.23,0.4,0.17,0.4,75000,3900000
105,Kevin Danso,AUT,DF,Tottenham Hotspur,27-187,1998,17,11,933.0,10.4,0,0,0,0,0,0,4,0,11,9,0,5,13,9,0,0.0,0.0,0.0,0.0,0.0,65000,3380000
106,Karl Darlow,WAL,GK,Leeds United,35-168,1990,15,15,,15.0,0,0,0,0,0,0,1,0,0,5,0,0,0,0,0,0.0,0.0,0.0,0.0,0.0,30000,1560000
107,Ben Davies,WAL,DF,Tottenham Hotspur,32-335,1993,3,2,137.0,1.5,1,0,1,1,0,0,1,0,2,0,0,3,1,4,0,0.66,0.0,0.66,0.66,0.66,80000,4160000
108,Maxim De Cuyper,BEL,DF,Brighton,25-093,2000,24,14,,12.8,2,0,2,2,0,0,2,0,15,18,1,57,9,9,0,0.16,0.0,0.16,0.16,0.16,55000,2860000
109,Liam Delap,ENG,FW,Chelsea,23-045,2003,22,9,796.0,8.8,1,0,1,1,0,0,2,0,17,15,2,6,1,3,0,0.11,0.0,0.11,0.11,0.11,100000,5200000
110,Sepp van den Berg,NED,DF,Brentford,24-095,2001,26,25,,25.6,0,1,1,0,0,0,1,0,13,9,0,0,24,6,0,0.0,0.04,0.04,0.0,0.04,20000,1040000
111,Justin Devenny,NIR,MF,Crystal Palace,22-165,2003,18,5,603.0,6.7,1,0,1,0,1,1,0,0,10,6,1,9,0,8,0,0.15,0.0,0.15,0.0,0.0,20000,1040000
112,Kiernan Dewsbury-Hall,ENG,MF,Everton,27-200,1998,24,23,,22.3,6,3,9,6,0,0,6,0,25,39,1,93,11,19,0,0.27,0.13,0.4,0.27,0.4,90000,4680000
113,Bafodé Diakité,FRA,DF,Bournemouth,25-078,2001,18,15,,14.2,0,0,0,0,0,0,1,0,8,4,2,1,10,15,0,0.0,0.0,0.0,0.0,0.0,70000,3640000
114,Amad Diallo,CIV,MF,Manchester Utd,23-257,2002,25,22,,21.3,2,2,4,2,0,0,2,0,18,33,11,40,13,19,0,0.09,0.09,0.19,0.09,0.19,120000,6240000
115,Habib Diarra,SEN,MF,Sunderland,22-081,2004,14,12,,12.2,2,0,2,1,1,1,4,0,14,19,1,18,3,6,0,0.16,0.0,0.16,0.08,0.08,50000,2600000
116,Rúben Dias,POR,DF,Manchester City,28-315,1997,25,23,,22.8,2,0,2,2,0,0,3,0,14,9,0,9,22,6,0,0.09,0.0,0.09,0.09,0.09,250000,13000000
117,Tyler Dibling,ENG,MF,Everton,20-013,2006,14,4,358.0,4.0,0,0,0,0,0,0,2,0,11,11,0,7,6,3,0,0.0,0.0,0.0,0.0,0.0,40000,2080000
118,Lucas Digne,FRA,DF,Aston Villa,32-248,1993,26,18,,17.3,0,4,4,0,0,0,3,0,11,11,3,90,10,21,0,0.0,0.23,0.23,0.0,0.23,135000,7020000
119,Issa Diop,FRA,DF,Fulham,29-075,1997,10,6,596.0,6.6,0,0,0,0,0,0,2,0,7,3,0,1,4,2,0,0.0,0.0,0.0,0.0,0.0,70000,3640000
120,El Hadji Malick Diouf,SEN,DF,West Ham United,21-087,2004,25,23,,23.3,0,5,5,0,0,0,4,0,22,17,2,73,28,14,0,0.0,0.21,0.21,0.0,0.21,35000,1820000
121,Axel Disasi,FRA,DF,West Ham United,28-014,1998,7,7,630.0,7.0,0,0,0,0,0,0,0,0,5,3,0,0,4,3,1,0.0,0.0,0.0,0.0,0.0,40000,2080000
122,Matt Doherty,IRL,DF,Wolves,34-068,1992,10,10,702.0,7.8,0,0,0,0,0,0,4,0,16,5,0,8,7,7,0,0.0,0.0,0.0,0.0,0.0,50000,2600000
123,Jeremy Doku,BEL,MF,Manchester City,23-302,2002,22,13,,13.7,1,4,5,1,0,0,0,0,17,40,3,46,9,11,0,0.07,0.29,0.37,0.07,0.37,50000,2600000
124,Nicolás Domínguez,ARG,MF,Nottingham Forest,27-270,1998,20,14,935.0,10.4,1,0,1,1,0,0,2,0,11,8,0,13,4,22,0,0.1,0.0,0.1,0.1,0.1,35000,1820000
125,Gianluigi Donnarumma,ITA,GK,Manchester City,27-028,1999,27,27,,27.0,0,0,0,0,0,0,6,0,0,3,0,0,1,0,0,0.0,0.0,0.0,0.0,0.0,250000,13000000
126,Romelle Donovan,ENG,FW,Brentford,19-115,2006,4,0,41.0,0.5,0,0,0,0,0,0,0,0,2,3,0,2,0,0,0,0.0,0.0,0.0,0.0,0.0,15000,780000
127,Patrick Dorgu,DEN,MF,Manchester Utd,21-150,2004,22,14,,14.8,3,3,6,3,0,0,5,0,19,42,7,54,14,30,0,0.2,0.2,0.4,0.2,0.4,40000,2080000
128,Max Dowman,ENG,MF,Arsenal,16-084,2009,3,0,46.0,0.5,1,0,1,1,0,0,0,0,0,4,0,1,0,2,0,1.96,0.0,1.96,1.96,1.96,35000,1820000
129,Radu Drăgușin,ROU,DF,Tottenham Hotspur,24-050,2002,8,5,515.0,5.7,0,0,0,0,0,0,0,0,9,1,0,3,15,3,0,0.0,0.0,0.0,0.0,0.0,85000,4420000
131,Martin Dúbravka,SVK,GK,Burnley,37-069,1989,31,31,,31.0,0,0,0,0,0,0,1,0,0,6,0,0,0,1,0,0.0,0.0,0.0,0.0,0.0,40000,2080000
132,Lewis Dunk,ENG,DF,Brighton,34-124,1991,29,28,,28.5,0,0,0,0,0,0,10,0,13,8,1,5,29,21,0,0.0,0.0,0.0,0.0,0.0,80000,4160000
133,George Earthy,ENG,MF,West Ham United,21-201,2004,1,0,9.0,0.1,0,0,0,0,0,0,0,0,0,0,0,0,0,0,0,0.0,0.0,0.0,0.0,0.0,15000,780000
137,Marcus Edwards,ENG,MF,Burnley,27-112,1998,19,9,910.0,10.1,1,3,4,1,0,0,0,0,7,12,1,16,3,5,0,0.1,0.3,0.4,0.1,0.4,50000,2600000
138,Hjalmar Ekdal,SWE,DF,Burnley,27-155,1998,15,13,,13.1,0,0,0,0,0,0,0,0,5,3,2,1,9,13,0,0.0,0.0,0.0,0.0,0.0,25000,1300000
139,Hugo Ekitike,FRA,FW,Liverpool,23-278,2002,28,21,,20.0,11,4,15,11,0,0,0,0,35,12,10,7,4,7,0,0.55,0.2,0.75,0.55,0.75,200000,10400000
140,Anthony Elanga,SWE,FW,Newcastle United,23-332,2002,27,13,,13.6,0,1,1,0,0,0,0,0,8,22,2,77,3,11,0,0.0,0.07,0.07,0.0,0.07,100000,5200000
141,Melker Ellborg,SWE,GK,Sunderland,22-307,2003,3,3,270.0,3.0,0,0,0,0,0,0,0,0,0,1,0,0,0,0,0,0.0,0.0,0.0,0.0,0.0,10000,520000
142,Harvey Elliott,ENG,MF,Aston Villa,22-355,2003,4,1,112.0,1.2,0,0,0,0,0,0,0,0,0,2,0,3,0,0,0,0.0,0.0,0.0,0.0,0.0,65000,3380000
143,Harvey Elliott,ENG,FW,Liverpool,22-355,2003,1,0,1.0,0.0,0,0,0,0,0,0,0,0,0,0,0,0,0,0,0,0.0,0.0,0.0,0.0,0.0,65000,3380000
144,Wataru Endo,JPN,DF,Liverpool,33-044,1993,8,1,175.0,1.9,0,1,1,0,0,0,1,0,2,3,0,3,0,3,0,0.0,0.51,0.51,0.0,0.51,50000,2600000
145,Romain Esse,ENG,MF,Crystal Palace,20-316,2005,4,0,44.0,0.5,0,0,0,0,0,0,0,0,2,2,0,2,0,1,0,0.0,0.0,0.0,0.0,0.0,15000,780000
146,Maxime Estève,FRA,DF,Burnley,23-303,2002,28,28,,26.7,0,0,0,0,0,0,0,0,10,12,0,5,32,23,2,0.0,0.0,0.0,0.0,0.0,50000,2600000
147,Evanilson,BRA,FW,Bournemouth,26-170,1999,29,25,,24.4,6,0,6,6,0,0,1,0,18,27,24,2,2,3,0,0.25,0.0,0.25,0.25,0.25,85000,4420000
148,Eberechi Eze,ENG,MF,Arsenal,27-269,1998,25,16,,15.8,6,2,8,6,0,0,1,0,14,28,1,7,8,11,0,0.38,0.13,0.51,0.38,0.51,180000,9360000
149,Eberechi Eze,ENG,MF,Crystal Palace,27-269,1998,1,1,83.0,0.9,0,0,0,0,0,0,0,0,2,1,0,4,0,1,0,0.0,0.0,0.0,0.0,0.0,180000,9360000
150,Bruno Fernandes,POR,MF,Manchester Utd,31-198,1994,28,28,,27.0,8,16,24,4,4,6,3,0,20,33,4,131,16,29,0,0.3,0.59,0.89,0.15,0.74,300000,15600000
151,Mateus Fernandes,POR,MF,West Ham United,21-258,2004,29,28,,26.6,3,3,6,3,0,0,6,0,41,40,0,45,30,54,0,0.11,0.11,0.23,0.11,0.23,60000,3120000
152,Enzo Fernández,ARG,MF,Chelsea,25-067,2001,30,29,,28.6,8,3,11,6,2,2,8,0,30,39,1,65,16,23,0,0.28,0.1,0.38,0.21,0.31,180000,9360000
153,Zian Flemming,NED,FW,Burnley,27-236,1998,22,14,,13.2,8,0,8,6,2,2,3,0,31,17,2,3,4,6,0,0.61,0.0,0.61,0.45,0.45,20000,1040000
156,Phil Foden,ENG,MF,Manchester City,25-301,2000,26,21,,20.1,7,3,10,7,0,0,4,0,17,26,2,103,9,12,0,0.35,0.15,0.5,0.35,0.5,225000,11700000
157,Wesley Fofana,FRA,DF,Chelsea,25-098,2000,19,14,,14.2,0,1,1,0,0,0,6,1,19,12,1,2,25,11,0,0.0,0.07,0.07,0.0,0.07,200000,10400000
158,Lyle Foster,RSA,FW,Burnley,25-203,2000,23,15,,14.5,3,2,5,3,0,0,4,0,21,13,11,6,4,10,0,0.21,0.14,0.35,0.21,0.35,769,40000
159,Tyler Fredricson,ENG,DF,Manchester Utd,21-030,2005,1,0,3.0,0.0,0,0,0,0,0,0,0,0,0,0,0,0,0,0,0,0.0,0.0,0.0,0.0,0.0,25000,1300000
160,Jeremie Frimpong,NED,DF,Liverpool,25-105,2000,15,9,752.0,8.4,0,1,1,0,0,0,1,0,4,13,3,42,5,8,0,0.0,0.12,0.12,0.0,0.12,100000,5200000
161,Niclas Füllkrug,GER,FW,West Ham United,33-044,1993,8,5,409.0,4.5,0,0,0,0,0,0,0,0,11,1,2,0,2,1,0,0.0,0.0,0.0,0.0,0.0,90000,4680000
162,Cody Gakpo,NED,MF,Liverpool,26-322,1999,29,25,,23.8,6,3,9,6,0,0,2,0,32,39,20,83,9,10,0,0.25,0.13,0.38,0.25,0.38,250000,13000000
163,Conor Gallagher,ENG,MF,Tottenham Hotspur,26-047,2000,9,7,585.0,6.5,0,1,1,0,0,0,0,0,12,14,0,14,9,6,0,0.0,0.15,0.15,0.0,0.15,160000,8320000
164,Idrissa Gana Gueye,SEN,MF,Everton,36-180,1989,22,22,,20.5,2,2,4,2,0,0,1,1,18,27,0,18,28,20,0,0.1,0.1,0.2,0.1,0.2,120000,6240000
165,Ben Gannon-Doak,SCO,MF,Bournemouth,20-134,2005,5,0,61.0,0.7,0,1,1,0,0,0,0,0,3,1,0,2,1,0,0,0.0,1.48,1.48,0.0,1.48,30000,1560000
166,Andrés García,ESP,DF,Aston Villa,23-046,2003,4,0,40.0,0.4,0,0,0,0,0,0,0,0,0,0,0,4,0,1,0,0.0,0.0,0.0,0.0,0.0,15000,780000
167,Alejandro Garnacho,ARG,MF,Chelsea,21-267,2004,20,14,,12.5,1,4,5,1,0,0,2,0,8,19,1,58,4,11,0,0.08,0.32,0.4,0.08,0.4,110000,5720000
168,James Garner,ENG,MF,Everton,25-012,2001,31,31,,30.9,2,6,8,2,0,0,7,0,28,30,0,166,48,54,0,0.06,0.19,0.26,0.06,0.26,30000,1560000
169,Lutsharel Geertruida,NED,DF,Sunderland,25-250,2000,25,14,,15.8,0,0,0,0,0,0,1,0,14,5,1,7,17,20,0,0.0,0.0,0.0,0.0,0.0,85000,4420000
170,Tyrique George,ENG,FW,Chelsea,20-049,2006,4,0,145.0,1.6,0,0,0,0,0,0,2,0,6,1,2,1,0,2,0,0.0,0.0,0.0,0.0,0.0,7500,390000
171,Tyrique George,ENG,MF,Everton,20-049,2006,5,1,106.0,1.2,0,0,0,0,0,0,0,0,2,0,0,2,1,0,0,0.0,0.0,0.0,0.0,0.0,7500,390000
172,Morgan Gibbs-White,ENG,MF,Nottingham Forest,26-057,2000,31,30,,29.3,9,2,11,8,1,1,1,0,22,37,4,34,10,12,0,0.31,0.07,0.38,0.27,0.34,110000,5720000
173,Jamie Gittens,ENG,MF,Chelsea,21-229,2004,16,5,495.0,5.5,0,2,2,0,0,0,0,0,6,8,2,13,2,4,0,0.0,0.36,0.36,0.0,0.36,108000,5616000
174,Wilfried Gnonto,ITA,FW,Leeds United,22-140,2003,16,4,387.0,4.3,0,1,1,0,0,0,3,0,7,8,0,15,3,10,0,0.0,0.23,0.23,0.0,0.23,40000,2080000
175,Angel Gomes,ENG,MF,Wolves,25-206,2000,7,4,284.0,3.2,0,0,0,0,0,0,1,0,5,6,0,5,1,4,0,0.0,0.0,0.0,0.0,0.0,35000,1820000
176,João Gomes,BRA,MF,Wolves,25-041,2001,29,26,,25.5,1,1,2,1,0,0,9,0,56,39,0,25,31,57,0,0.04,0.04,0.08,0.04,0.08,105000,5460000
177,Rodrigo Gomes,POR,MF,Wolves,22-261,2003,15,6,602.0,6.7,3,0,3,3,0,0,0,0,4,7,3,20,8,13,0,0.45,0.0,0.45,0.45,0.45,25000,1300000
178,Toti Gomes,POR,DF,Wolves,27-068,1999,14,13,,11.5,0,0,0,0,0,0,2,1,9,8,0,10,9,7,0,0.0,0.0,0.0,0.0,0.0,80000,4160000
179,Diego Gómez,PAR,MF,Brighton,22-363,2003,28,23,,21.4,5,1,6,5,0,0,9,0,45,9,1,21,16,47,0,0.23,0.05,0.28,0.23,0.28,25000,1300000
180,Joe Gomez,ENG,DF,Liverpool,28-306,1997,16,6,500.0,5.6,0,2,2,0,0,0,2,0,9,0,0,15,8,3,0,0.0,0.36,0.36,0.0,0.36,85000,4420000
181,Nicolás González,ESP,MF,Manchester City,24-081,2002,21,15,,15.3,1,0,1,1,0,0,6,0,28,17,0,2,22,26,0,0.07,0.0,0.07,0.07,0.07,75000,3900000
182,Anthony Gordon,ENG,FW,Newcastle United,25-029,2001,25,23,,19.2,6,2,8,3,3,3,3,1,13,37,5,69,3,13,0,0.31,0.1,0.42,0.16,0.26,150000,7800000
183,Ryan Gravenberch,NED,MF,Liverpool,23-313,2002,29,29,,28.0,4,3,7,4,0,0,5,0,30,36,0,6,38,30,0,0.14,0.11,0.25,0.14,0.25,150000,7800000
184,Archie Gray,ENG,MF,Tottenham Hotspur,20-013,2006,21,17,,15.3,2,2,4,2,0,0,5,0,11,2,0,12,14,8,0,0.13,0.13,0.26,0.13,0.26,75000,3900000
185,Jack Grealish,ENG,MF,Everton,30-196,1995,20,18,,18.1,2,6,8,2,0,0,5,1,13,58,0,39,11,15,0,0.11,0.33,0.44,0.11,0.44,75000,3900000
186,Pascal Groß,GER,MF,Brighton,34-283,1991,12,11,,11.2,1,1,2,1,0,0,2,0,10,11,4,72,8,11,0,0.09,0.09,0.18,0.09,0.18,90000,4680000
187,Brajan Gruda,GER,MF,Brighton,21-298,2004,18,8,719.0,8.0,1,1,2,1,0,0,2,0,11,14,2,14,2,5,0,0.13,0.13,0.25,0.13,0.25,50000,2600000
188,Ilia Gruev,BUL,MF,Leeds United,25-323,2000,21,15,,14.4,0,3,3,0,0,0,3,0,16,9,0,16,14,13,0,0.0,0.21,0.21,0.0,0.21,15000,780000
189,Gabriel Gudmundsson,SWE,DF,Leeds United,26-330,1999,29,28,,26.2,0,0,0,0,0,0,6,1,30,51,3,77,21,42,1,0.0,0.0,0.0,0.0,0.0,40000,2080000
190,Marc Guéhi,ENG,DF,Crystal Palace,25-255,2000,20,20,,20.0,2,2,4,2,0,0,4,0,14,18,0,10,24,19,0,0.1,0.1,0.2,0.1,0.2,50000,2600000
191,Marc Guéhi,ENG,DF,Manchester City,25-255,2000,8,8,720.0,8.0,0,0,0,0,0,0,1,0,4,7,0,3,14,6,0,0.0,0.0,0.0,0.0,0.0,50000,2600000
192,Evann Guessand,CIV,MF,Aston Villa,24-267,2001,13,6,588.0,6.5,0,1,1,0,0,0,0,0,11,12,0,10,3,9,0,0.0,0.15,0.15,0.0,0.15,37500,1950000
193,Evann Guessand,CIV,MF,Crystal Palace,24-267,2001,6,3,300.0,3.3,1,1,2,1,0,0,0,0,4,8,0,1,2,2,0,0.3,0.3,0.6,0.3,0.6,37500,1950000
194,Luis Guilherme,BRA,FW,West Ham United,20-044,2006,5,1,125.0,1.4,0,0,0,0,0,0,0,0,0,0,0,0,0,1,0,0.0,0.0,0.0,0.0,0.0,30000,1560000
195,Bruno Guimarães,BRA,MF,Newcastle United,28-129,1997,23,22,,22.4,9,4,13,7,2,2,5,0,33,52,1,62,13,35,0,0.4,0.18,0.58,0.31,0.49,160000,8320000
196,Marc Guiu,ESP,FW,Sunderland,20-080,2006,2,0,15.0,0.2,0,0,0,0,0,0,0,0,0,0,0,0,0,0,0,0.0,0.0,0.0,0.0,0.0,50000,2600000
197,Marc Guiu,ESP,FW,Chelsea,20-080,2006,7,1,238.0,2.6,0,1,1,0,0,0,1,0,9,2,0,0,0,0,0,0.0,0.38,0.38,0.0,0.38,50000,2600000
198,Angus Gunn,SCO,GK,Nottingham Forest,30-062,1996,1,0,45.0,0.5,0,0,0,0,0,0,0,0,0,0,0,0,0,0,0,0.0,0.0,0.0,0.0,0.0,30000,1560000
199,Malo Gusto,FRA,DF,Chelsea,22-310,2003,28,20,,19.3,2,3,5,2,0,0,4,1,15,13,1,38,23,21,0,0.1,0.16,0.26,0.1,0.26,45000,2340000
200,Joško Gvardiol,CRO,DF,Manchester City,24-061,2002,16,15,,14.5,2,2,4,2,0,0,2,0,16,7,0,2,14,13,0,0.14,0.14,0.28,0.14,0.28,200000,10400000
201,Viktor Gyökeres,SWE,FW,Arsenal,27-294,1998,29,23,,21.0,11,0,11,9,2,2,4,0,28,23,2,7,1,5,0,0.52,0.0,0.52,0.43,0.43,200000,10400000
202,Erling Haaland,NOR,FW,Manchester City,25-247,2000,29,28,,26.8,22,7,29,19,3,4,1,0,19,23,3,3,3,6,0,0.82,0.26,1.08,0.71,0.97,525000,27300000
203,Lewis Hall,ENG,DF,Newcastle United,21-198,2004,24,19,,19.5,1,1,2,1,0,0,3,0,15,33,0,89,25,26,0,0.05,0.05,0.1,0.05,0.1,45000,2340000
204,Jack Harrison,ENG,FW,Leeds United,29-125,1996,11,1,269.0,3.0,0,0,0,0,0,0,0,0,1,4,0,17,4,2,0,0.0,0.0,0.0,0.0,0.0,90000,4680000
205,Quilindschy Hartman,NED,DF,Burnley,24-131,2001,17,17,,16.7,0,4,4,0,0,0,1,0,10,3,1,69,24,22,0,0.0,0.24,0.24,0.0,0.24,45000,2340000
206,Jorrel Hato,NED,DF,Chelsea,20-018,2006,16,6,647.0,7.2,0,0,0,0,0,0,4,0,10,1,0,7,10,11,0,0.0,0.0,0.0,0.0,0.0,120000,6240000
207,Kai Havertz,GER,MF,Arsenal,26-287,1999,6,3,264.0,2.9,0,1,1,0,0,0,0,0,1,7,0,1,0,2,0,0.0,0.34,0.34,0.0,0.34,280000,14560000
208,Ayden Heaven,ENG,DF,Manchester Utd,19-184,2006,14,8,654.0,7.3,0,1,1,0,0,0,2,0,5,5,0,1,1,9,1,0.0,0.14,0.14,0.0,0.14,25000,1300000
209,Jan Paul van Hecke,NED,DF,Brighton,25-290,2000,29,29,,28.7,3,2,5,3,0,0,7,0,22,34,3,19,31,24,1,0.1,0.07,0.17,0.1,0.17,50000,2600000
210,Hwang Hee-chan,KOR,FW,Wolves,30-058,1996,20,15,,12.8,2,1,3,1,1,1,3,0,22,14,7,17,7,3,0,0.16,0.08,0.23,0.08,0.16,70000,3640000
212,Dean Henderson,ENG,GK,Crystal Palace,29-013,1997,29,29,,29.0,0,0,0,0,0,0,3,0,1,5,0,0,1,0,0,0.0,0.0,0.0,0.0,0.0,100000,5200000
213,Jordan Henderson,ENG,MF,Brentford,35-281,1990,29,21,,20.2,1,3,4,1,0,0,4,0,13,7,1,44,16,13,0,0.05,0.15,0.2,0.05,0.2,75000,3900000
214,Rico Henry,JAM,DF,Brentford,28-260,1997,25,14,,14.8,0,1,1,0,0,0,2,0,15,17,2,26,7,11,0,0.0,0.07,0.07,0.0,0.07,35000,1820000
215,Mads Hermansen,DEN,GK,West Ham United,25-257,2000,11,11,990.0,11.0,0,0,0,0,0,0,0,0,0,1,0,0,0,0,0,0.0,0.0,0.0,0.0,0.0,45000,2340000
216,Aaron Hickey,SCO,DF,Brentford,23-288,2002,18,7,599.0,6.7,0,0,0,0,0,0,1,0,6,8,0,4,7,6,0,0.0,0.0,0.0,0.0,0.0,70000,3640000
217,James Hill,ENG,DF,Bournemouth,24-074,2002,22,15,,16.4,0,3,3,0,0,0,2,0,11,11,1,9,29,12,1,0.0,0.18,0.18,0.0,0.18,25000,1300000
218,Piero Hincapié,ECU,DF,Arsenal,24-075,2002,21,17,,16.7,1,2,3,1,0,0,2,0,16,12,0,28,20,21,1,0.06,0.12,0.18,0.06,0.18,65000,3380000
219,Jack Hinshelwood,ENG,MF,Brighton,20-348,2005,20,13,,13.1,1,3,4,1,0,0,0,0,27,8,2,4,5,10,1,0.08,0.23,0.31,0.08,0.31,25000,1300000
220,Ki-Jana Hoever,NED,MF,Wolves,24-066,2002,8,6,425.0,4.7,0,0,0,0,0,0,0,0,3,3,1,22,5,11,0,0.0,0.0,0.0,0.0,0.0,40000,2080000
222,Callum Hudson-Odoi,ENG,MF,Nottingham Forest,25-138,2000,29,20,,19.5,3,3,6,3,0,0,0,0,11,12,2,87,8,6,0,0.15,0.15,0.31,0.15,0.31,90000,4680000
223,Will Hughes,ENG,MF,Crystal Palace,30-342,1995,27,15,,14.5,0,0,0,0,0,0,7,0,20,19,0,38,11,15,0,0.0,0.0,0.0,0.0,0.0,60000,3120000
224,Trai Hume,NIR,DF,Sunderland,24-007,2002,31,29,,28.7,0,1,1,0,0,0,8,0,24,33,3,81,21,41,0,0.0,0.03,0.03,0.0,0.03,45000,2340000
225,Bashir Humphreys,ENG,DF,Burnley,23-010,2003,15,13,,13.8,0,0,0,0,0,0,5,0,13,6,0,15,7,15,0,0.0,0.0,0.0,0.0,0.0,40000,2080000
226,Omari Hutchinson,ENG,MF,Nottingham Forest,22-146,2003,24,12,,14.3,1,3,4,1,0,0,0,0,17,19,6,113,7,8,0,0.07,0.21,0.28,0.07,0.28,55000,2860000
227,Igor,BRA,DF,West Ham United,28-046,1998,4,1,105.0,1.2,0,0,0,0,0,0,0,0,1,0,0,0,1,0,0,0.0,0.0,0.0,0.0,0.0,45000,2340000
228,Tim Iroegbunam,ENG,MF,Everton,22-268,2003,23,13,,12.3,0,2,2,0,0,0,8,0,22,19,0,2,19,36,0,0.0,0.16,0.16,0.0,0.16,20000,1040000
229,Andy Irving,SCO,MF,West Ham United,25-316,2000,7,2,158.0,1.8,0,0,0,0,0,0,0,0,1,0,0,12,1,4,0,0.0,0.0,0.0,0.0,0.0,15000,780000
230,Alexander Isak,SWE,FW,Liverpool,26-185,1999,10,6,504.0,5.6,2,1,3,2,0,0,0,0,5,0,0,2,0,5,0,0.36,0.18,0.54,0.36,0.54,280000,14560000
231,Wilson Isidor,FRA,FW,Sunderland,25-210,2000,26,11,,11.9,4,0,4,4,0,0,1,0,13,4,10,0,0,6,0,0.34,0.0,0.34,0.34,0.34,25000,1300000
232,Alex Iwobi,NGA,MF,Fulham,29-326,1996,25,25,,23.7,4,3,7,4,0,0,3,0,7,9,1,74,12,14,0,0.17,0.13,0.3,0.17,0.3,80000,4160000
233,Daniel James,WAL,FW,Leeds United,28-135,1997,15,4,416.0,4.6,0,0,0,0,0,0,0,0,1,7,1,42,1,4,0,0.0,0.0,0.0,0.0,0.0,75000,3900000
234,Reece James,ENG,DF,Chelsea,26-107,1999,27,20,,21.1,2,4,6,2,0,0,4,0,26,20,1,123,31,32,0,0.09,0.19,0.28,0.09,0.28,250000,13000000
235,Vitaly Janelt,GER,MF,Brentford,27-319,1998,22,13,,14.0,1,4,5,1,0,0,7,0,17,12,0,53,26,16,0,0.07,0.29,0.36,0.07,0.36,30000,1560000
236,Mathias Jensen,DEN,MF,Brentford,30-083,1996,29,19,,18.4,2,1,3,2,0,0,3,0,15,8,2,92,13,20,0,0.11,0.05,0.16,0.11,0.16,50000,2600000
237,Gabriel Jesus,BRA,FW,Arsenal,28-356,1997,11,2,313.0,3.5,2,0,2,2,0,0,2,0,6,1,5,0,1,0,0,0.58,0.0,0.58,0.58,0.58,265000,13780000
238,Igor Jesus,BRA,FW,Nottingham Forest,25-028,2001,30,22,,20.0,3,3,6,3,0,0,0,0,33,33,10,8,1,11,0,0.15,0.15,0.3,0.15,0.3,50000,2600000
239,Álex Jiménez,ESP,DF,Bournemouth,20-321,2005,27,22,,21.8,1,0,1,1,0,0,9,0,26,16,0,41,25,38,0,0.05,0.0,0.05,0.05,0.05,18000,936000
240,Raúl Jiménez,MEX,FW,Fulham,34-324,1991,30,25,,21.9,9,3,12,5,4,4,5,0,41,29,19,5,7,17,0,0.41,0.14,0.55,0.23,0.36,100000,5200000
242,João Pedro,BRA,FW,Chelsea,24-180,2001,31,27,,25.7,14,5,19,14,0,0,4,0,32,46,14,14,5,15,0,0.55,0.19,0.74,0.55,0.74,125000,6500000
243,Joelinton,BRA,MF,Newcastle United,29-223,1996,24,20,,18.8,2,1,3,2,0,0,9,0,37,27,1,10,23,18,0,0.11,0.05,0.16,0.11,0.16,150000,7800000
244,John,BRA,GK,Nottingham Forest,30-040,1996,5,5,437.0,4.9,0,0,0,0,0,0,1,0,0,0,0,0,0,0,0,0.0,0.0,0.0,0.0,0.0,40000,2080000
245,Brennan Johnson,WAL,MF,Tottenham Hotspur,24-306,2001,16,6,610.0,6.8,2,0,2,2,0,0,2,0,2,4,8,23,2,9,0,0.3,0.0,0.3,0.3,0.3,100000,5200000
246,Brennan Johnson,WAL,MF,Crystal Palace,24-306,2001,11,7,626.0,7.0,0,1,1,0,0,0,3,0,11,5,3,27,1,4,0,0.0,0.14,0.14,0.0,0.14,100000,5200000
247,Sam Johnstone,ENG,GK,Wolves,33-000,1993,12,12,,12.0,0,0,0,0,0,0,0,0,0,0,0,0,0,1,1,0.0,0.0,0.0,0.0,0.0,50000,2600000
248,Curtis Jones,ENG,MF,Liverpool,25-054,2001,27,11,,15.1,0,1,1,0,0,0,1,0,10,20,0,8,8,16,0,0.0,0.07,0.07,0.0,0.07,50000,2600000
249,Eli Junior Kroupi,FRA,MF,Bournemouth,19-275,2006,26,14,,12.9,9,0,9,8,1,1,3,0,15,8,4,8,8,6,0,0.7,0.0,0.7,0.62,0.62,20000,1040000
251,James Justin,ENG,DF,Leeds United,28-030,1998,22,14,,14.1,1,1,2,1,0,0,2,0,9,21,2,27,19,23,0,0.07,0.07,0.14,0.07,0.14,35000,1820000
252,Filip Jørgensen,DEN,GK,Chelsea,23-343,2002,3,2,264.0,2.9,0,0,0,0,0,0,0,0,0,0,0,0,1,0,0,0.0,0.0,0.0,0.0,0.0,50000,2600000
253,Ferdi Kadioglu,TUR,DF,Brighton,26-169,1999,30,27,,27.8,0,0,0,0,0,0,6,0,15,33,6,96,18,34,0,0.0,0.0,0.0,0.0,0.0,87500,4550000
254,Sasa Kalajdzic,AUT,FW,Wolves,28-261,1997,1,0,15.0,0.2,0,0,0,0,0,0,0,0,0,0,0,0,1,0,0,0.0,0.0,0.0,0.0,0.0,20000,1040000
255,Arnaud Kalimuendo,FRA,FW,Nottingham Forest,24-064,2002,9,0,96.0,1.1,0,0,0,0,0,0,0,0,2,0,1,2,0,1,0,0.0,0.0,0.0,0.0,0.0,60000,3120000
256,Daichi Kamada,JPN,MF,Crystal Palace,29-232,1996,20,17,,16.4,0,0,0,0,0,0,2,0,26,20,1,31,10,28,0,0.0,0.0,0.0,0.0,0.0,105000,5460000
257,Boubacar Kamara,FRA,MF,Aston Villa,26-122,1999,18,17,,15.7,1,3,4,1,0,0,5,0,16,30,0,2,15,16,0,0.06,0.19,0.26,0.06,0.26,150000,7800000
259,Michael Kayode,ITA,DF,Brentford,21-258,2004,30,30,,29.2,1,0,1,1,0,0,6,0,22,43,1,51,33,42,1,0.03,0.0,0.03,0.03,0.03,40000,2080000
260,Michael Keane,ENG,DF,Everton,33-073,1993,27,24,,23.7,3,0,3,3,0,0,0,1,14,6,0,1,34,21,0,0.13,0.0,0.13,0.13,0.13,80000,4160000
261,Caoimhín Kelleher,IRL,GK,Brentford,27-122,1998,30,30,,30.0,0,0,0,0,0,0,1,0,2,6,0,0,1,0,0,0.0,0.0,0.0,0.0,0.0,55000,2860000
262,Milos Kerkez,HUN,DF,Liverpool,22-138,2003,28,25,,22.5,2,1,3,2,0,0,4,0,19,23,4,75,13,26,0,0.09,0.04,0.13,0.09,0.13,75000,3900000
263,Kevin,BRA,MF,Fulham,23-080,2003,23,8,908.0,10.1,1,1,2,1,0,0,1,0,12,15,2,40,9,8,0,0.1,0.1,0.2,0.1,0.2,50000,2600000
264,Abdukodir Khusanov,UZB,DF,Manchester City,22-024,2004,15,9,892.0,9.9,0,0,0,0,0,0,2,0,8,5,0,0,19,15,0,0.0,0.0,0.0,0.0,0.0,50000,2600000
265,Max Kilman,ENG,DF,West Ham United,28-306,1997,21,17,,17.3,0,0,0,0,0,0,4,0,16,2,0,2,6,8,0,0.0,0.0,0.0,0.0,0.0,100000,5200000
267,Justin Kluivert,NED,MF,Bournemouth,26-324,1999,18,10,919.0,10.2,2,0,2,2,0,0,4,0,15,9,1,40,4,7,0,0.2,0.0,0.2,0.2,0.2,80000,4160000
269,Randal Kolo Muani,FRA,FW,Tottenham Hotspur,27-110,1998,23,15,,13.7,1,1,2,1,0,0,2,0,33,12,1,7,2,14,0,0.07,0.07,0.15,0.07,0.15,150000,7800000
270,Ibrahima Konaté,FRA,DF,Liverpool,26-304,1999,29,29,,27.6,1,0,1,1,0,0,6,0,30,32,0,3,22,27,0,0.04,0.0,0.04,0.04,0.04,70000,3640000
271,Ezri Konsa,ENG,DF,Aston Villa,28-153,1997,30,30,,29.7,0,0,0,0,0,0,0,1,11,33,0,5,22,7,0,0.0,0.0,0.0,0.0,0.0,75000,3900000
272,Charalampos Kostoulas,GRE,FW,Brighton,18-299,2007,16,2,305.0,3.4,2,1,3,2,0,0,2,0,6,7,2,5,1,6,0,0.59,0.3,0.89,0.59,0.89,40000,2080000
273,Mateo Kovačić,CRO,MF,Manchester City,31-323,1994,1,0,5.0,0.1,0,0,0,0,0,0,0,0,0,0,0,0,0,0,0,0.0,0.0,0.0,0.0,0.0,150000,7800000
274,Emil Krafth,SWE,DF,Newcastle United,31-235,1994,1,1,45.0,0.5,0,0,0,0,0,0,0,0,1,0,0,1,0,0,0,0.0,0.0,0.0,0.0,0.0,55000,2860000
275,Ladislav Krejčí,CZE,DF,Wolves,26-339,1999,24,23,,22.6,2,1,3,2,0,0,5,1,30,7,0,11,27,15,1,0.09,0.04,0.13,0.09,0.13,45000,2340000
276,Mohammed Kudus,GHA,MF,Tottenham Hotspur,25-235,2000,19,19,,17.1,2,5,7,2,0,0,3,0,23,15,10,122,3,17,0,0.12,0.29,0.41,0.12,0.41,150000,7800000
277,Jonah Kusi-Asare,SWE,FW,Fulham,18-264,2007,5,0,34.0,0.4,0,0,0,0,0,0,1,0,3,1,0,0,0,0,0,0.0,0.0,0.0,0.0,0.0,25000,1300000
279,Maxence Lacroix,FRA,DF,Crystal Palace,25-353,2000,28,28,,27.6,1,2,3,1,0,0,3,1,26,16,0,5,35,32,0,0.04,0.07,0.11,0.04,0.11,50000,2600000
280,Senne Lammens,BEL,GK,Manchester Utd,23-261,2002,25,25,,25.0,0,0,0,0,0,0,0,0,0,3,0,0,0,1,0,0.0,0.0,0.0,0.0,0.0,60000,3120000
281,Jamaal Lascelles,ENG,DF,Newcastle United,32-134,1993,2,0,21.0,0.2,0,0,0,0,0,0,0,0,0,0,0,0,0,0,0,0.0,0.0,0.0,0.0,0.0,40000,2080000
282,Josh Laurent,ENG,DF,Burnley,30-323,1995,28,16,,17.6,1,0,1,1,0,0,7,1,25,10,2,14,24,20,0,0.06,0.0,0.06,0.06,0.06,20000,1040000
283,Roméo Lavia,BEL,MF,Chelsea,22-078,2004,8,2,226.0,2.5,0,0,0,0,0,0,0,0,6,4,0,1,5,3,0,0.0,0.0,0.0,0.0,0.0,45000,2340000
284,Enzo Le Fée,FRA,MF,Sunderland,26-050,2000,29,26,,25.6,4,4,8,1,3,4,5,0,26,26,3,73,23,43,0,0.16,0.16,0.31,0.04,0.2,75000,3900000
285,Bernd Leno,GER,GK,Fulham,34-021,1992,31,31,,31.0,0,0,0,0,0,0,3,0,0,5,0,0,1,1,1,0.0,0.0,0.0,0.0,0.0,130000,6760000
286,Jefferson Lerma,COL,MF,Crystal Palace,31-151,1994,24,13,,13.9,0,2,2,0,0,0,6,0,19,14,0,9,16,14,1,0.0,0.14,0.14,0.0,0.14,70000,3640000
287,Rico Lewis,ENG,DF,Manchester City,21-124,2004,10,3,317.0,3.5,0,1,1,0,0,0,1,0,4,7,0,2,7,4,0,0.0,0.28,0.28,0.0,0.28,25000,1300000
288,Keane Lewis-Potter,ENG,MF,Brentford,25-031,2001,29,15,,14.9,3,2,5,3,0,0,1,0,12,25,3,42,7,10,0,0.2,0.13,0.33,0.2,0.33,50000,2600000
289,Myles Lewis-Skelly,ENG,DF,Arsenal,19-180,2006,14,1,321.0,3.6,0,0,0,0,0,0,3,0,6,6,0,0,2,3,0,0.0,0.0,0.0,0.0,0.0,45000,2340000
290,Matthijs de Ligt,NED,DF,Manchester Utd,26-225,1999,13,13,,13.0,1,0,1,1,0,0,0,0,6,5,0,4,11,13,0,0.08,0.0,0.08,0.08,0.08,195000,10140000
291,Pedro Lima,BRA,DF,Wolves,19-267,2006,3,0,4.0,0.0,0,0,0,0,0,0,0,0,0,0,0,1,0,0,0,0.0,0.0,0.0,0.0,0.0,15000,780000
292,Victor Lindelöf,SWE,DF,Aston Villa,31-251,1994,12,6,578.0,6.4,0,1,1,0,0,0,0,0,1,0,0,0,4,1,0,0.0,0.16,0.16,0.0,0.16,120000,6240000
293,Valentino Livramento,ENG,DF,Newcastle United,23-133,2002,15,12,,12.9,0,1,1,0,0,0,1,0,7,13,2,30,2,14,0,0.0,0.08,0.08,0.0,0.08,50000,2600000
294,Sean Longstaff,ENG,MF,Leeds United,28-146,1997,17,10,947.0,10.5,1,2,3,1,0,0,2,0,10,17,1,50,10,23,0,0.1,0.19,0.29,0.1,0.29,80000,4160000
295,Fer López,ESP,MF,Wolves,21-305,2004,9,2,235.0,2.6,0,1,1,0,0,0,1,0,6,4,0,4,0,1,0,0.0,0.38,0.38,0.0,0.38,25000,1300000
297,Lorenzo Lucca,ITA,FW,Nottingham Forest,25-196,2000,3,1,121.0,1.3,1,0,1,1,0,0,0,0,1,2,1,0,1,0,0,0.74,0.0,0.74,0.74,0.74,30500,1586000
298,Florentino Luís,POR,MF,Burnley,26-218,1999,24,20,,18.4,0,2,2,0,0,0,4,0,31,7,1,9,29,40,0,0.0,0.11,0.11,0.0,0.11,40000,2080000
299,Douglas Luiz,BRA,MF,Aston Villa,27-320,1998,8,6,489.0,5.4,1,0,1,1,0,0,0,0,8,7,0,27,4,9,0,0.18,0.0,0.18,0.18,0.18,67500,3510000
300,Douglas Luiz,BRA,MF,Nottingham Forest,27-320,1998,8,5,315.0,3.5,0,0,0,0,0,0,2,0,4,5,0,15,7,3,0,0.0,0.0,0.0,0.0,0.0,67500,3510000
301,Saša Lukić,SRB,MF,Fulham,29-224,1996,20,15,,13.8,1,2,3,1,0,0,6,0,38,20,0,47,9,21,0,0.07,0.15,0.22,0.07,0.22,63000,3276000
302,Ian Maatsen,NED,DF,Aston Villa,24-015,2002,24,13,,14.0,0,0,0,0,0,0,2,0,11,15,1,46,13,27,0,0.0,0.0,0.0,0.0,0.0,100000,5200000
303,Alexis Mac Allister,ARG,MF,Liverpool,27-091,1998,30,26,,24.2,2,2,4,2,0,0,5,0,23,27,0,19,16,22,0,0.08,0.08,0.17,0.08,0.17,150000,7800000
304,Noni Madueke,ENG,FW,Arsenal,24-015,2002,20,12,895.0,9.9,2,1,3,2,0,0,0,0,12,10,2,63,4,9,0,0.2,0.1,0.3,0.2,0.3,150000,7800000
305,Gabriel Magalhães,BRA,DF,Arsenal,28-096,1997,25,24,,24.1,3,4,7,3,0,0,3,0,14,27,0,6,18,16,0,0.12,0.17,0.29,0.12,0.29,150000,7800000
306,Soungoutou Magassa,FRA,MF,West Ham United,22-168,2003,20,11,972.0,10.8,1,0,1,1,0,0,4,0,17,17,0,9,17,23,0,0.09,0.0,0.09,0.09,0.09,35000,1820000
307,Harry Maguire,ENG,DF,Manchester Utd,33-020,1993,18,14,,13.4,1,1,2,1,0,0,3,1,13,14,0,2,9,9,0,0.07,0.07,0.15,0.07,0.15,190000,9880000
308,Kobbie Mainoo,ENG,MF,Manchester Utd,20-340,2005,22,10,,12.5,0,2,2,0,0,0,0,0,7,16,1,12,7,11,0,0.0,0.16,0.16,0.0,0.16,25000,1300000
309,Tyrell Malacia,NED,DF,Manchester Utd,26-220,1999,2,0,9.0,0.1,0,0,0,0,0,0,0,0,0,0,0,0,0,0,0,0.0,0.0,0.0,0.0,0.0,75000,3900000
310,Donyell Malen,NED,FW,Aston Villa,27-075,1999,21,5,656.0,7.3,4,1,5,4,0,0,0,0,2,6,1,7,0,2,0,0.55,0.14,0.69,0.55,0.69,140000,7280000
311,Giorgi Mamardashvili,GEO,GK,Liverpool,25-177,2000,6,6,540.0,6.0,0,0,0,0,0,0,0,0,1,1,0,0,0,0,0,0.0,0.0,0.0,0.0,0.0,85000,4420000
312,Reinildo Mandava,MOZ,DF,Sunderland,32-063,1994,18,17,,15.9,0,1,1,0,0,0,7,1,26,28,1,18,22,15,0,0.0,0.06,0.06,0.0,0.06,50000,2600000
315,Solly March,ENG,MF,Brighton,31-248,1994,1,0,5.0,0.1,0,0,0,0,0,0,0,0,0,1,0,0,0,0,0,0.0,0.0,0.0,0.0,0.0,50000,2600000
316,Omar Marmoush,EGY,FW,Manchester City,27-046,1999,17,7,572.0,6.4,1,3,4,1,0,0,2,0,10,18,6,12,2,7,0,0.16,0.47,0.63,0.16,0.63,295000,15340000
317,Callum Marshall,NIR,FW,West Ham United,21-117,2004,2,0,60.0,0.7,0,0,0,0,0,0,0,0,0,0,1,0,2,0,0,0.0,0.0,0.0,0.0,0.0,15000,780000
318,Gabriel Martinelli,BRA,FW,Arsenal,24-280,2001,25,9,854.0,9.5,1,3,4,1,0,0,2,0,7,13,5,30,0,7,0,0.11,0.32,0.42,0.11,0.42,180000,9360000
319,Emiliano Martínez,ARG,GK,Aston Villa,33-204,1992,27,27,,26.5,0,0,0,0,0,0,2,0,0,16,0,0,0,0,0,0.0,0.0,0.0,0.0,0.0,150000,7800000
320,Lisandro Martínez,ARG,DF,Manchester Utd,28-066,1998,14,9,908.0,10.1,0,0,0,0,0,0,0,0,8,2,0,2,10,7,1,0.0,0.0,0.0,0.0,0.0,120000,6240000
321,Arthur Masuaku,COD,DF,Sunderland,32-138,1993,3,2,126.0,1.4,0,0,0,0,0,0,1,0,3,0,0,8,2,2,0,0.0,0.0,0.0,0.0,0.0,55000,2860000
322,Pape Matar Sarr,SEN,MF,Tottenham Hotspur,23-192,2002,22,13,,14.7,2,3,5,2,0,0,2,0,26,13,3,7,13,21,0,0.14,0.2,0.34,0.14,0.34,70000,3640000
323,Jean-Philippe Mateta,FRA,FW,Crystal Palace,28-270,1997,24,23,,21.5,8,0,8,5,3,3,2,0,17,15,16,8,5,3,0,0.37,0.0,0.37,0.23,0.23,50000,2600000
324,Konstantinos Mavropanos,GRE,DF,West Ham United,28-104,1997,24,20,,21.2,1,0,1,1,0,0,2,0,9,8,1,3,37,19,1,0.05,0.0,0.05,0.05,0.05,50000,2600000
325,Eliezer Mayenda,ESP,FW,Sunderland,20-321,2005,19,8,758.0,8.4,2,0,2,2,0,0,0,0,6,11,3,1,1,3,0,0.24,0.0,0.24,0.24,0.24,30000,1560000
326,Ezra Mayers,BRB,DF,West Ham United,19-068,2007,6,0,117.0,1.3,0,0,0,0,0,0,0,0,0,0,0,3,1,0,0,0.0,0.0,0.0,0.0,0.0,7000,364000
327,Noussair Mazraoui,MAR,MF,Manchester Utd,28-131,1997,15,7,618.0,6.9,0,0,0,0,0,0,3,0,8,9,0,12,6,8,0,0.0,0.0,0.0,0.0,0.0,135000,7020000
328,Bryan Mbeumo,CMR,MF,Manchester Utd,26-230,1999,26,26,,24.3,9,3,12,9,0,0,4,0,20,26,7,88,6,10,0,0.37,0.12,0.49,0.37,0.49,150000,7800000
329,James Mcatee,ENG,MF,Nottingham Forest,23-158,2002,10,1,180.0,2.0,0,0,0,0,0,0,1,0,4,3,1,8,1,3,0,0.0,0.0,0.0,0.0,0.0,40000,2080000
330,John McGinn,SCO,MF,Aston Villa,31-158,1994,24,23,,19.1,4,2,6,4,0,0,3,0,25,41,0,62,11,16,0,0.21,0.1,0.31,0.21,0.31,130000,6760000
331,Dwight McNeil,ENG,MF,Everton,26-123,1999,18,11,949.0,10.5,0,1,1,0,0,0,1,0,10,6,1,30,6,12,0,0.0,0.09,0.09,0.0,0.09,25000,1300000
333,Mikel Merino,ESP,MF,Arsenal,29-276,1996,21,10,,11.2,4,3,7,4,0,0,1,0,21,20,3,4,9,13,0,0.36,0.27,0.63,0.36,0.63,130000,6760000
334,Antoni Milambo,NED,MF,Brentford,20-356,2005,1,1,45.0,0.5,0,0,0,0,0,0,0,0,0,0,0,0,0,1,0,0.0,0.0,0.0,0.0,0.0,30000,1560000
335,Nikola Milenković,SRB,DF,Nottingham Forest,28-164,1997,31,31,,31.0,0,0,0,0,0,0,6,0,13,18,1,2,26,15,1,0.0,0.0,0.0,0.0,0.0,105000,5460000
336,Lewis Miley,ENG,MF,Newcastle United,19-328,2006,19,11,,12.6,1,3,4,1,0,0,0,0,4,4,2,33,17,15,0,0.08,0.24,0.32,0.08,0.32,30000,1560000
337,James Milner,ENG,MF,Brighton,40-080,1986,19,6,726.0,8.1,1,1,2,0,1,1,2,0,11,3,1,14,5,9,0,0.12,0.12,0.25,0.0,0.12,60000,3120000
338,Veljko Milosavljević,SRB,DF,Bournemouth,18-270,2007,7,4,368.0,4.1,0,0,0,0,0,0,0,0,0,0,0,0,4,4,0,0.0,0.0,0.0,0.0,0.0,25000,1300000
339,Tyrone Mings,ENG,DF,Aston Villa,33-012,1993,13,11,964.0,10.7,0,0,0,0,0,0,0,0,5,5,0,3,8,2,0,0.0,0.0,0.0,0.0,0.0,110000,5720000
340,Yankuba Minteh,GAM,MF,Brighton,21-246,2004,27,20,,20.4,2,4,6,2,0,0,2,0,22,19,10,101,11,27,0,0.1,0.2,0.29,0.1,0.29,40000,2080000
341,Tyrick Mitchell,ENG,MF,Crystal Palace,26-205,1999,30,30,,29.6,1,1,2,1,0,0,5,0,19,21,5,85,28,52,0,0.03,0.03,0.07,0.03,0.07,40000,2080000
342,Kaoru Mitoma,JPN,MF,Brighton,28-309,1997,20,16,,15.8,2,1,3,2,0,0,3,0,24,16,4,36,8,7,0,0.13,0.06,0.19,0.13,0.19,80000,4160000
343,Morato,BRA,DF,Nottingham Forest,24-268,2001,15,10,941.0,10.5,0,0,0,0,0,0,4,0,11,7,1,1,8,16,0,0.0,0.0,0.0,0.0,0.0,35000,1820000
344,Cristhian Mosquera,ESP,DF,Arsenal,21-271,2004,14,6,673.0,7.5,0,0,0,0,0,0,2,0,8,3,1,0,8,16,0,0.0,0.0,0.0,0.0,0.0,55000,2860000
345,Yerson Mosquera,COL,DF,Wolves,24-327,2001,22,19,,19.0,0,0,0,0,0,0,10,0,25,35,1,17,16,31,2,0.0,0.0,0.0,0.0,0.0,30000,1560000
346,Mason Mount,ENG,MF,Manchester Utd,27-074,1999,18,10,817.0,9.1,3,0,3,3,0,0,0,0,13,9,0,18,3,8,0,0.33,0.0,0.33,0.33,0.33,150000,7800000
348,Nordi Mukiele,FRA,DF,Sunderland,28-144,1997,25,25,,24.0,1,3,4,1,0,0,4,0,23,20,2,58,29,36,1,0.04,0.12,0.17,0.04,0.17,100000,5200000
349,Romaine Mundle,ENG,MF,Sunderland,22-335,2003,14,2,411.0,4.6,0,0,0,0,0,0,1,0,7,8,0,11,1,4,0,0.0,0.0,0.0,0.0,0.0,10000,520000
350,Marshall Munetsi,ZIM,MF,Wolves,29-276,1996,13,9,875.0,9.7,1,1,2,1,0,0,2,0,19,10,4,14,5,13,0,0.1,0.1,0.21,0.1,0.21,70000,3640000
351,Rodrigo Muniz,BRA,FW,Fulham,24-325,2001,14,5,585.0,6.5,1,1,2,1,0,0,1,0,11,10,3,1,2,1,1,0.15,0.15,0.31,0.15,0.31,60000,3120000
352,Daniel Muñoz,COL,MF,Crystal Palace,29-303,1996,21,21,,19.8,3,2,5,3,0,0,5,0,24,13,6,48,20,31,0,0.15,0.1,0.25,0.15,0.25,60000,3120000
353,Murillo,BRA,DF,Nottingham Forest,23-264,2002,23,23,,22.2,1,0,1,1,0,0,4,0,19,7,0,2,26,23,1,0.05,0.0,0.05,0.05,0.05,75000,3900000
354,Alex Murphy,IRL,DF,Newcastle United,21-273,2004,1,0,2.0,0.0,0,0,0,0,0,0,0,0,0,0,0,0,0,0,0,0.0,0.0,0.0,0.0,0.0,8000,416000
355,Jacob Murphy,ENG,FW,Newcastle United,31-029,1995,26,14,,13.8,3,1,4,3,0,0,1,0,5,7,5,103,2,10,0,0.22,0.07,0.29,0.22,0.29,35000,1820000
356,Vitaliy Mykolenko,UKR,DF,Everton,26-300,1999,26,26,,25.9,0,1,1,0,0,0,5,0,25,22,0,74,24,18,1,0.0,0.04,0.04,0.0,0.04,58000,3016000
357,David Møller Wolfe,NOR,MF,Wolves,23-336,2002,18,9,846.0,9.4,0,2,2,0,0,0,1,0,7,4,0,26,6,5,0,0.0,0.21,0.21,0.0,0.21,30000,1560000
358,Iliman Ndiaye,SEN,MF,Everton,26-019,2000,25,25,,23.9,6,3,9,4,2,2,2,0,26,32,9,43,13,33,0,0.25,0.13,0.38,0.17,0.29,45000,2340000
359,Dan Ndoye,SUI,MF,Nottingham Forest,25-151,2000,23,14,,13.0,1,1,2,1,0,0,1,0,16,22,9,41,10,11,0,0.08,0.08,0.15,0.08,0.15,85000,4420000
360,Dan Neil,ENG,MF,Sunderland,24-102,2001,3,0,14.0,0.2,0,0,0,0,0,0,0,0,0,1,0,0,1,0,0,0.0,0.0,0.0,0.0,0.0,15000,780000
361,Reiss Nelson,ENG,FW,Brentford,26-105,1999,7,0,61.0,0.7,0,0,0,0,0,0,0,0,0,2,0,1,0,1,0,0.0,0.0,0.0,0.0,0.0,30000,1560000
362,Pedro Neto,POR,MF,Chelsea,26-016,2000,29,25,,24.5,5,4,9,5,0,0,4,1,11,20,5,159,6,9,0,0.2,0.16,0.37,0.2,0.37,160000,8320000
363,Luca Netz,GER,DF,Nottingham Forest,22-314,2003,2,0,50.0,0.6,0,0,0,0,0,0,0,0,0,0,0,2,0,0,0,0.0,0.0,0.0,0.0,0.0,35000,1820000
364,Rio Ngumoha,ENG,MF,Liverpool,17-208,2008,13,1,229.0,2.5,1,0,1,1,0,0,0,0,2,5,0,13,1,1,0,0.39,0.0,0.39,0.39,0.39,25000,1300000
365,Eddie Nketiah,ENG,MF,Crystal Palace,26-299,1999,12,2,424.0,4.7,2,0,2,2,0,0,2,0,7,7,3,0,2,6,0,0.42,0.0,0.42,0.42,0.42,90000,4680000
366,Lukas Nmecha,GER,FW,Leeds United,27-101,1998,25,9,880.0,9.8,6,1,7,4,2,3,0,0,16,14,2,7,3,5,0,0.61,0.1,0.72,0.41,0.51,35000,1820000
367,Matheus Nunes,POR,DF,Manchester City,27-210,1998,27,25,,25.2,1,4,5,1,0,0,4,0,13,25,4,52,24,35,0,0.04,0.16,0.2,0.04,0.2,130000,6760000
368,Ethan Nwaneri,ENG,MF,Arsenal,19-004,2007,6,0,171.0,1.9,0,0,0,0,0,0,0,0,2,0,0,2,0,0,0,0.0,0.0,0.0,0.0,0.0,80000,4160000
369,Trey Nyoni,ENG,MF,Liverpool,18-268,2007,4,0,15.0,0.2,0,0,0,0,0,0,0,0,0,0,1,0,0,0,0,0.0,0.0,0.0,0.0,0.0,25000,1300000
370,Christian Nørgaard,DEN,MF,Arsenal,32-015,1994,6,0,61.0,0.7,0,0,0,0,0,0,0,0,1,0,0,0,0,0,0,0.0,0.0,0.0,0.0,0.0,65000,3380000
371,Jake O'Brien,IRL,DF,Everton,24-314,2001,30,28,,28.3,0,1,1,0,0,0,2,1,15,11,3,42,11,29,0,0.0,0.04,0.04,0.0,0.04,35000,1820000
372,Luke O'Nien,ENG,DF,Sunderland,31-124,1994,8,2,231.0,2.6,0,0,0,0,0,0,1,1,5,4,0,6,3,2,0,0.0,0.0,0.0,0.0,0.0,20000,1040000
373,Matt O'Riley,DEN,MF,Brighton,25-124,2000,4,2,187.0,2.1,1,0,1,0,1,1,0,0,2,1,1,6,0,2,0,0.48,0.0,0.48,0.0,0.0,65000,3380000
374,Wilson Odobert,FRA,MF,Tottenham Hotspur,21-117,2004,24,10,985.0,10.9,0,2,2,0,0,0,0,0,2,10,2,28,0,8,0,0.0,0.18,0.18,0.0,0.18,40000,2080000
375,Noah Okafor,SUI,FW,Leeds United,25-305,2000,24,15,,14.4,4,0,4,4,0,0,3,0,16,13,0,31,10,13,0,0.28,0.0,0.28,0.28,0.28,72500,3770000
377,Amadou Onana,BEL,MF,Aston Villa,24-221,2001,22,19,,17.3,2,0,2,2,0,0,2,0,17,23,0,0,17,27,0,0.12,0.0,0.12,0.12,0.12,140000,7280000
378,Frank Onyeka,NGA,MF,Brentford,28-083,1998,6,0,92.0,1.0,0,1,1,0,0,0,0,0,3,3,0,0,0,0,0,0.0,0.98,0.98,0.0,0.98,40000,2080000
380,Stefan Ortega,GER,GK,Nottingham Forest,33-139,1992,3,3,270.0,3.0,0,0,0,0,0,0,0,0,0,0,0,0,0,0,0,0.0,0.0,0.0,0.0,0.0,90000,4680000
381,William Osula,DEN,FW,Newcastle United,22-233,2003,17,1,295.0,3.3,2,0,2,2,0,0,0,0,13,3,0,1,1,1,0,0.61,0.0,0.61,0.61,0.61,25000,1300000
382,Dango Ouattara,BFA,MF,Brentford,24-042,2002,25,19,,19.0,5,3,8,5,0,0,4,0,21,31,7,73,20,11,0,0.26,0.16,0.42,0.26,0.42,65000,3380000
384,Pablo,BRA,MF,West Ham United,22-082,2004,7,5,405.0,4.5,0,0,0,0,0,0,0,0,12,5,0,0,5,6,0,0.0,0.0,0.0,0.0,0.0,25000,1300000
385,João Palhinha,POR,MF,Tottenham Hotspur,30-259,1995,26,19,,19.8,3,2,5,3,0,0,6,0,21,26,0,4,22,53,0,0.15,0.1,0.25,0.15,0.25,135000,7020000
386,Cole Palmer,ENG,MF,Chelsea,23-323,2002,20,18,,15.7,9,1,10,4,5,5,4,0,12,25,1,26,12,11,0,0.57,0.06,0.64,0.25,0.32,130000,6760000
387,Lucas Paquetá,BRA,MF,West Ham United,28-210,1997,18,18,,16.8,4,1,5,2,2,2,7,1,27,30,5,36,7,22,0,0.24,0.06,0.3,0.12,0.18,150000,7800000
388,Nathan Patterson,SCO,DF,Everton,24-160,2001,6,3,240.0,2.7,0,0,0,0,0,0,0,0,2,2,1,6,2,4,0,0.0,0.0,0.0,0.0,0.0,28000,1456000
389,Myles Peart-Harris,ENG,MF,Brentford,23-188,2002,1,0,1.0,0.0,0,0,0,0,0,0,0,0,1,0,0,0,0,0,0,0.0,0.0,0.0,0.0,0.0,5000,260000
390,Lucas Perri,BRA,GK,Leeds United,28-105,1997,16,16,,16.0,0,0,0,0,0,0,2,0,1,3,0,0,0,0,0,0.0,0.0,0.0,0.0,0.0,50000,2600000
391,Đorđe Petrović,SRB,GK,Bournemouth,26-168,1999,31,31,,31.0,0,0,0,0,0,0,2,0,0,2,0,0,0,0,1,0.0,0.0,0.0,0.0,0.0,60000,3120000
392,Jordan Pickford,ENG,GK,Everton,32-018,1994,31,31,,31.0,0,0,0,0,0,0,2,0,0,6,0,0,0,1,0,0.0,0.0,0.0,0.0,0.0,150000,7800000
393,Ethan Pinnock,JAM,DF,Brentford,32-300,1993,4,4,318.0,3.5,0,0,0,0,0,0,1,0,0,2,0,0,5,5,1,0.0,0.0,0.0,0.0,0.0,30000,1560000
394,Yeremi Pino,ESP,MF,Crystal Palace,23-156,2002,27,21,,19.1,2,1,3,2,0,0,4,0,25,21,8,65,6,17,0,0.1,0.05,0.16,0.1,0.16,60000,3120000
395,Joël Piroe,NED,FW,Leeds United,26-235,1999,13,2,226.0,2.5,0,0,0,0,0,0,0,0,3,0,1,4,1,1,0,0.0,0.0,0.0,0.0,0.0,40000,2080000
396,Nick Pope,ENG,GK,Newcastle United,33-340,1992,22,22,,21.8,0,0,0,0,0,0,1,0,0,2,0,0,0,1,0,0.0,0.0,0.0,0.0,0.0,60000,3120000
397,Pedro Porro,ESP,DF,Tottenham Hotspur,26-193,1999,27,25,,24.1,0,2,2,0,0,0,6,0,26,21,1,179,18,34,0,0.0,0.08,0.08,0.0,0.08,85000,4420000
398,Freddie Potts,ENG,MF,West Ham United,22-194,2003,20,12,,12.7,0,1,1,0,0,0,1,0,15,14,0,34,15,18,0,0.0,0.08,0.08,0.0,0.08,15000,780000
399,Aaron Ramsdale,ENG,GK,Newcastle United,27-315,1998,10,9,824.0,9.2,0,0,0,0,0,0,1,0,0,1,0,0,0,0,0,0.0,0.0,0.0,0.0,0.0,120000,6240000
400,Jacob Ramsey,ENG,MF,Newcastle United,24-301,2001,21,11,,12.0,2,1,3,2,0,0,5,1,15,13,2,7,8,11,0,0.17,0.08,0.25,0.17,0.25,120000,6240000
401,David Raya,ESP,GK,Arsenal,30-191,1995,31,31,,31.0,0,0,0,0,0,0,1,0,0,9,0,1,1,1,0,0.0,0.0,0.0,0.0,0.0,100000,5200000
402,Harrison Reed,ENG,MF,Fulham,31-057,1995,6,0,31.0,0.3,1,0,1,1,0,0,0,0,0,1,0,3,0,0,0,2.9,0.0,2.9,2.9,2.9,50000,2600000
403,Tijjani Reijnders,NED,MF,Manchester City,27-239,1998,26,17,,16.6,5,2,7,5,0,0,2,0,18,15,4,37,11,4,0,0.3,0.12,0.42,0.3,0.42,230000,11960000
404,Chadi Riad,MAR,DF,Crystal Palace,22-281,2003,6,3,314.0,3.5,0,1,1,0,0,0,2,0,4,2,0,6,1,3,0,0.0,0.29,0.29,0.0,0.29,30000,1560000
405,Declan Rice,ENG,MF,Arsenal,27-070,1999,30,29,,28.7,4,5,9,4,0,0,2,0,20,8,1,145,27,29,0,0.14,0.17,0.31,0.14,0.31,240000,12480000
406,Chris Richards,USA,DF,Crystal Palace,25-362,2000,26,26,,25.9,1,0,1,1,0,0,3,0,13,3,0,11,40,31,0,0.04,0.0,0.04,0.04,0.04,55000,2860000
407,Richarlison,BRA,FW,Tottenham Hotspur,28-319,1997,26,15,,16.8,9,3,12,9,0,0,5,0,18,28,8,15,6,14,0,0.54,0.18,0.71,0.54,0.71,90000,4680000
408,Chris Rigg,ENG,MF,Sunderland,18-280,2007,13,8,558.0,6.2,0,0,0,0,0,0,0,0,6,8,1,8,3,8,0,0.0,0.0,0.0,0.0,0.0,35000,1820000
409,Patrick Roberts,ENG,FW,Sunderland,29-048,1997,1,0,28.0,0.3,0,0,0,0,0,0,0,0,0,0,0,0,0,0,0,0.0,0.0,0.0,0.0,0.0,2500,130000
410,Andrew Robertson,SCO,DF,Liverpool,32-014,1994,19,6,775.0,8.6,0,0,0,0,0,0,0,0,4,0,5,36,6,9,0,0.0,0.0,0.0,0.0,0.0,160000,8320000
411,Antonee Robinson,USA,DF,Fulham,28-229,1997,15,12,,11.6,0,0,0,0,0,0,3,0,10,5,2,61,17,18,0,0.0,0.0,0.0,0.0,0.0,60000,3120000
412,Kaden Rodney,ENG,DF,Crystal Palace,21-169,2004,1,0,4.0,0.0,0,0,0,0,0,0,0,0,1,0,0,0,0,0,0,0.0,0.0,0.0,0.0,0.0,5000,260000
413,Joe Rodon,WAL,DF,Leeds United,28-154,1997,29,29,,28.3,2,0,2,2,0,0,1,0,12,17,1,5,28,16,0,0.07,0.0,0.07,0.07,0.07,40000,2080000
414,Rodri,ESP,MF,Manchester City,29-276,1996,18,14,,13.8,1,0,1,1,0,0,2,0,10,26,0,4,11,22,0,0.07,0.0,0.07,0.07,0.07,220000,11440000
415,Guido Rodríguez,ARG,MF,West Ham United,31-347,1994,6,2,180.0,2.0,0,0,0,0,0,0,1,0,2,4,0,2,2,0,0,0.0,0.0,0.0,0.0,0.0,75000,3900000
416,Robin Roefs,NED,GK,Sunderland,23-067,2003,28,28,,28.0,0,0,0,0,0,0,3,0,0,11,0,0,0,0,0,0.0,0.0,0.0,0.0,0.0,30000,1560000
417,Morgan Rogers,ENG,MF,Aston Villa,23-242,2002,31,31,,30.6,8,5,13,8,0,0,6,0,38,40,3,44,11,18,0,0.26,0.16,0.42,0.26,0.42,150000,7800000
418,Merlin Röhl,GER,MF,Everton,23-263,2002,12,2,366.0,4.1,0,0,0,0,0,0,0,0,9,3,1,4,2,10,0,0.0,0.0,0.0,0.0,0.0,15500,806000
419,Cristian Romero,ARG,DF,Tottenham Hotspur,27-332,1998,22,21,,20.0,4,1,5,4,0,0,10,2,29,14,1,1,29,28,0,0.2,0.05,0.25,0.2,0.25,195000,10140000
421,Georginio Rutter,FRA,MF,Brighton,23-339,2002,25,19,,17.8,2,2,4,2,0,0,2,0,27,32,10,14,10,15,1,0.11,0.11,0.22,0.11,0.22,75000,3900000
422,José Sá,POR,GK,Wolves,33-067,1993,19,19,,19.0,0,0,0,0,0,0,2,0,0,6,0,0,0,0,0,0.0,0.0,0.0,0.0,0.0,60000,3120000
423,Noah Sadiki,COD,MF,Sunderland,21-098,2004,26,26,,25.5,0,0,0,0,0,0,7,0,23,30,1,17,28,21,0,0.0,0.0,0.0,0.0,0.0,40000,2080000
424,Bukayo Saka,ENG,FW,Arsenal,24-201,2001,27,22,,22.2,6,3,9,5,1,1,1,0,28,51,14,111,14,15,0,0.27,0.14,0.41,0.23,0.36,195000,10140000
425,Mohamed Salah,EGY,MF,Liverpool,33-283,1992,22,19,,20.2,5,6,11,4,1,1,1,0,10,16,12,98,3,8,0,0.25,0.3,0.54,0.2,0.49,400000,20800000
426,William Saliba,FRA,DF,Arsenal,25-001,2001,25,24,,23.0,1,0,1,1,0,0,1,0,17,15,1,9,13,17,0,0.04,0.0,0.04,0.04,0.04,250000,13000000
427,Robert Sánchez,ESP,GK,Chelsea,28-127,1997,29,29,,28.0,0,1,1,0,0,0,3,1,2,10,0,0,1,0,0,0.0,0.04,0.04,0.0,0.04,60000,3120000
428,Jadon Sancho,ENG,MF,Aston Villa,26-000,2000,19,8,763.0,8.5,0,2,2,0,0,0,0,0,3,2,2,21,2,2,0,0.0,0.24,0.24,0.0,0.24,50000,2600000
429,Ibrahim Sangaré,CIV,MF,Nottingham Forest,28-113,1997,23,21,,19.6,2,2,4,2,0,0,5,0,35,14,0,8,17,25,0,0.1,0.1,0.2,0.1,0.2,75000,3900000
430,Andrey Santos,BRA,MF,Chelsea,21-326,2004,23,10,,11.2,0,0,0,0,0,0,4,0,11,19,1,1,17,13,0,0.0,0.0,0.0,0.0,0.0,35000,1820000
431,Ismaila Sarr,SEN,MF,Crystal Palace,28-028,1998,20,20,,19.2,7,1,8,5,2,2,2,0,11,35,12,16,7,9,0,0.37,0.05,0.42,0.26,0.31,70000,3640000
432,Mamadou Sarr,SEN,DF,Chelsea,20-208,2005,2,1,92.0,1.0,0,0,0,0,0,0,0,0,0,0,0,0,1,0,0,0.0,0.0,0.0,0.0,0.0,35000,1820000
433,Sávio,BRA,MF,Manchester City,21-349,2004,17,5,573.0,6.4,0,1,1,0,0,0,2,0,8,10,4,28,5,3,0,0.0,0.16,0.16,0.0,0.16,80000,4160000
434,Nicolò Savona,ITA,DF,Nottingham Forest,23-006,2003,14,11,,11.4,2,0,2,2,0,0,2,0,12,5,1,27,5,12,0,0.18,0.0,0.18,0.18,0.18,45000,2340000
435,Oliver Scarles,ENG,DF,West Ham United,20-103,2005,12,9,656.0,7.3,0,0,0,0,0,0,1,0,6,7,1,35,13,18,0,0.0,0.0,0.0,0.0,0.0,20000,1040000
436,Dane Scarlett,ENG,FW,Tottenham Hotspur,22-001,2004,2,0,9.0,0.1,0,0,0,0,0,0,0,0,1,0,0,0,0,0,0,0.0,0.0,0.0,0.0,0.0,15000,780000
437,Kevin Schade,GER,MF,Brentford,24-118,2001,28,26,,24.5,7,3,10,7,0,1,6,1,39,36,9,18,19,21,0,0.29,0.12,0.41,0.29,0.41,10000,520000
438,Fabian Schär,SUI,DF,Newcastle United,34-095,1991,16,11,,12.1,0,0,0,0,0,0,1,0,15,7,1,4,16,9,0,0.0,0.0,0.0,0.0,0.0,70000,3640000
439,Alex Scott,ENG,MF,Bournemouth,22-216,2003,31,28,,25.7,2,1,3,2,0,0,3,0,35,52,1,66,30,31,0,0.08,0.04,0.12,0.08,0.12,40000,2080000
441,Matz Sels,BEL,GK,Nottingham Forest,34-027,1992,24,23,,22.6,0,0,0,0,0,0,2,0,0,3,0,0,0,1,0,0.0,0.0,0.0,0.0,0.0,40000,2080000
442,Antoine Semenyo,GHA,MF,Manchester City,26-077,2000,9,9,789.0,8.8,5,1,6,5,0,0,0,0,12,5,6,11,2,8,0,0.57,0.11,0.68,0.57,0.68,75000,3900000
443,Antoine Semenyo,GHA,MF,Bournemouth,26-077,2000,20,20,,20.0,10,3,13,9,1,2,6,0,37,14,12,28,6,20,0,0.5,0.15,0.65,0.45,0.6,75000,3900000
444,Marcos Senesi,ARG,DF,Bournemouth,28-319,1997,30,30,,29.5,0,4,4,0,0,0,8,0,27,28,1,25,42,29,0,0.0,0.14,0.14,0.0,0.14,50000,2600000
445,Benjamin Šeško,SVN,FW,Manchester Utd,22-298,2003,26,13,,14.9,9,1,10,9,0,0,2,0,15,4,5,2,3,3,0,0.6,0.07,0.67,0.6,0.67,160000,8320000
446,Ryan Sessegnon,ENG,DF,Fulham,25-311,2000,24,18,,18.2,2,1,3,2,0,0,0,0,31,3,3,45,20,25,0,0.11,0.05,0.16,0.11,0.16,45000,2340000
447,Luke Shaw,ENG,DF,Manchester Utd,30-256,1995,31,31,,29.1,0,1,1,0,0,0,5,0,37,11,0,46,32,34,0,0.0,0.03,0.03,0.0,0.03,150000,7800000
448,Bernardo Silva,POR,MF,Manchester City,31-227,1994,30,26,,24.9,2,4,6,2,0,0,9,0,34,19,5,51,15,14,0,0.08,0.16,0.24,0.08,0.24,300000,15600000
450,Xavi Simons,NED,MF,Tottenham Hotspur,22-338,2003,25,17,,17.7,1,4,5,1,0,0,4,1,19,39,0,50,15,19,0,0.06,0.23,0.28,0.06,0.28,195000,10140000
451,Adam Smith,ENG,DF,Bournemouth,34-330,1991,18,11,808.0,9.0,0,1,1,0,0,0,3,0,14,7,0,10,7,10,0,0.0,0.11,0.11,0.0,0.11,40000,2080000
452,Emile Smith Rowe,ENG,MF,Fulham,25-240,2000,30,16,,16.3,3,0,3,3,0,0,1,0,4,9,2,10,20,15,0,0.18,0.0,0.18,0.18,0.18,70000,3640000
453,Dominic Solanke,ENG,FW,Tottenham Hotspur,28-192,1997,12,8,782.0,8.7,3,0,3,3,0,0,1,0,8,6,2,2,3,13,0,0.35,0.0,0.35,0.35,0.35,140000,7280000
454,Julio Soler,ARG,DF,Bournemouth,21-037,2005,3,0,35.0,0.4,0,0,0,0,0,0,0,0,2,2,0,2,0,0,0,0.0,0.0,0.0,0.0,0.0,20000,1040000
455,Oliver Sonne,PER,DF,Burnley,25-135,2000,7,1,169.0,1.9,1,0,1,1,0,0,0,0,4,0,0,5,1,1,0,0.53,0.0,0.53,0.53,0.53,10000,520000
456,Borna Sosa,CRO,DF,Crystal Palace,28-063,1998,5,0,55.0,0.6,0,0,0,0,0,0,0,0,3,0,0,5,1,0,0,0.0,0.0,0.0,0.0,0.0,35000,1820000
457,Tomáš Souček,CZE,MF,West Ham United,31-026,1995,28,17,,17.8,4,0,4,4,0,0,2,1,28,14,5,11,15,15,0,0.23,0.0,0.23,0.23,0.23,90000,4680000
458,Souza,BRA,MF,Tottenham Hotspur,19-282,2006,4,2,144.0,1.6,0,0,0,0,0,0,1,0,3,2,0,3,2,0,0,0.0,0.0,0.0,0.0,0.0,25000,1300000
459,Djed Spence,ENG,DF,Tottenham Hotspur,25-228,2000,24,21,,20.1,0,0,0,0,0,0,4,0,23,18,2,44,11,21,0,0.0,0.0,0.0,0.0,0.0,40000,2080000
460,Anton Stach,GER,MF,Leeds United,27-130,1998,26,25,,23.7,4,3,7,4,0,0,3,0,32,20,0,133,18,32,0,0.17,0.13,0.29,0.17,0.29,45000,2340000
461,John Stones,ENG,DF,Manchester City,31-301,1994,7,4,353.0,3.9,0,0,0,0,0,0,0,0,0,0,0,4,2,0,0,0.0,0.0,0.0,0.0,0.0,250000,13000000
462,Jørgen Strand Larsen,NOR,FW,Wolves,26-047,2000,22,14,,15.6,1,1,2,0,1,2,2,0,30,11,9,3,3,2,0,0.06,0.06,0.13,0.0,0.06,120000,6240000
463,Jørgen Strand Larsen,NOR,FW,Crystal Palace,26-047,2000,6,6,466.0,5.2,3,0,3,3,0,0,2,0,15,6,1,0,1,0,0,0.58,0.0,0.58,0.58,0.58,120000,6240000
464,Pascal Struijk,NED,DF,Leeds United,26-226,1999,28,27,,27.0,0,1,1,0,0,0,4,0,21,19,5,2,28,18,0,0.0,0.04,0.04,0.0,0.04,50000,2600000
465,Crysencio Summerville,NED,MF,West Ham United,24-146,2001,24,22,,20.6,5,1,6,5,0,0,4,0,37,50,5,40,12,19,0,0.24,0.05,0.29,0.24,0.29,45000,2340000
466,Dominik Szoboszlai,HUN,MF,Liverpool,25-151,2000,29,29,,28.9,5,3,8,5,0,1,7,1,29,26,1,164,22,29,0,0.17,0.1,0.28,0.17,0.28,120000,6240000
467,Jocelin Ta Bi,CIV,MF,Sunderland,21-044,2005,1,1,38.0,0.4,0,0,0,0,0,0,0,0,0,1,0,5,0,0,0,0.0,0.0,0.0,0.0,0.0,8000,416000
468,Chemsdine Talbi,MAR,MF,Sunderland,20-320,2005,23,14,,14.7,4,1,5,4,0,0,0,0,4,1,1,39,3,4,0,0.27,0.07,0.34,0.27,0.34,40000,2080000
469,Ao Tanaka,JPN,MF,Leeds United,27-196,1998,21,7,769.0,8.5,2,0,2,2,0,0,1,0,8,4,0,12,12,9,0,0.23,0.0,0.23,0.23,0.23,25000,1300000
470,James Tarkowski,ENG,DF,Everton,33-126,1992,30,30,,30.0,1,1,2,1,0,0,5,0,23,30,2,7,25,24,0,0.03,0.03,0.07,0.03,0.07,120000,6240000
471,Marcus Tavernier,ENG,MF,Bournemouth,27-003,1999,27,24,,23.6,5,4,9,3,2,2,4,0,26,29,4,87,13,17,0,0.21,0.17,0.38,0.13,0.3,65000,3380000
472,Loum Tchaouna,FRA,MF,Burnley,22-198,2003,23,9,858.0,9.5,1,0,1,1,0,0,1,0,4,12,1,18,2,7,0,0.1,0.0,0.1,0.1,0.1,45000,2340000
473,Jackson Tchatchoua,CMR,MF,Wolves,24-192,2001,28,17,,18.9,0,1,1,0,0,0,3,0,8,8,2,84,13,14,0,0.0,0.05,0.05,0.0,0.05,65000,3380000
474,Mathys Tel,FRA,MF,Tottenham Hotspur,20-332,2005,24,9,906.0,10.1,3,0,3,3,0,0,0,0,12,17,2,61,1,10,0,0.3,0.0,0.3,0.3,0.3,55000,2860000
475,Kenny Tete,NED,DF,Fulham,30-167,1995,22,21,,19.9,1,0,1,1,0,0,2,0,27,31,1,34,26,38,0,0.05,0.0,0.05,0.05,0.05,65000,3380000
476,Igor Thiago,BRA,FW,Brentford,24-272,2001,31,30,,29.5,19,1,20,13,6,7,6,0,60,21,20,12,9,17,0,0.64,0.03,0.68,0.44,0.48,50000,2600000
477,Malick Thiaw,GER,DF,Newcastle United,24-229,2001,28,26,,25.9,4,0,4,4,0,0,3,0,19,9,2,8,24,24,0,0.15,0.0,0.15,0.15,0.15,75000,3900000
478,Youri Tielemans,BEL,MF,Aston Villa,28-322,1997,18,15,,14.7,0,4,4,0,0,0,0,0,22,26,1,29,9,27,0,0.0,0.27,0.27,0.0,0.27,150000,7800000
479,Jurriën Timber,NED,DF,Arsenal,24-281,2001,30,28,,27.3,3,5,8,3,0,0,5,0,38,29,0,46,24,35,0,0.11,0.18,0.29,0.11,0.29,90000,4680000
480,Jean-Clair Todibo,FRA,DF,West Ham United,26-085,1999,20,20,,18.9,0,1,1,0,0,0,4,1,8,3,1,1,16,24,0,0.0,0.05,0.05,0.0,0.05,80000,4160000
481,Sandro Tonali,ITA,MF,Newcastle United,25-321,2000,29,25,,22.6,0,2,2,0,0,0,3,0,18,35,1,79,24,19,0,0.0,0.09,0.09,0.0,0.09,150000,7800000
482,Pau Torres,ESP,DF,Aston Villa,29-068,1997,17,15,,15.4,0,0,0,0,0,0,0,0,4,4,0,4,11,12,1,0.0,0.0,0.0,0.0,0.0,100000,5200000
483,Alex Tóth,HUN,MF,Bournemouth,20-153,2005,4,1,74.0,0.8,0,0,0,0,0,0,1,0,1,2,0,3,1,0,0,0.0,0.0,0.0,0.0,0.0,40000,2080000
484,James Trafford,ENG,GK,Manchester City,23-166,2002,3,3,270.0,3.0,0,0,0,0,0,0,0,0,0,1,0,0,0,1,0,0.0,0.0,0.0,0.0,0.0,50000,2600000
485,Adama Traoré,ESP,MF,Fulham,30-059,1996,15,1,274.0,3.0,0,0,0,0,0,0,0,0,6,8,3,15,0,1,0,0.0,0.0,0.0,0.0,0.0,70000,3640000
486,Adama Traoré,ESP,FW,West Ham United,30-059,1996,7,0,91.0,1.0,0,0,0,0,0,0,1,0,1,0,2,6,0,0,0,0.0,0.0,0.0,0.0,0.0,70000,3640000
487,Bertrand Traoré,BFA,MF,Sunderland,30-200,1995,12,9,632.0,7.0,1,0,1,1,0,0,1,0,11,12,1,13,2,4,0,0.14,0.0,0.14,0.14,0.14,65000,3380000
488,Mike Trésor,BEL,FW,Burnley,26-301,1999,4,0,23.0,0.3,0,0,0,0,0,0,0,0,0,0,0,2,0,0,0,0.0,0.0,0.0,0.0,0.0,30000,1560000
489,Kieran Trippier,ENG,DF,Newcastle United,35-187,1990,18,17,,16.2,0,1,1,0,0,0,3,0,21,18,1,89,7,11,0,0.0,0.06,0.06,0.0,0.06,120000,6240000
490,Leandro Trossard,BEL,FW,Arsenal,31-111,1994,26,18,,18.6,5,5,10,5,0,0,1,0,13,31,4,53,8,14,0,0.27,0.27,0.54,0.27,0.54,180000,9360000
491,Adrien Truffert,FRA,DF,Bournemouth,24-125,2001,31,31,,30.5,0,3,3,0,0,0,3,0,32,23,0,125,38,43,0,0.0,0.1,0.1,0.0,0.1,35000,1820000
492,Axel Tuanzebe,COD,DF,Burnley,28-131,1997,11,11,931.0,10.3,1,0,1,1,0,0,1,0,10,2,1,1,9,6,1,0.1,0.0,0.1,0.1,0.1,45000,2340000
493,Stefanos Tzimas,GRE,FW,Brighton,20-078,2006,9,1,139.0,1.5,1,1,2,1,0,0,0,0,4,1,1,1,0,1,0,0.65,0.65,1.29,0.65,1.29,20000,1040000
494,Christantus Uche,NGA,FW,Crystal Palace,22-310,2003,14,0,173.0,1.9,0,0,0,0,0,0,0,0,4,7,3,6,0,1,0,0.0,0.0,0.0,0.0,0.0,30000,1560000
495,Destiny Udogie,ITA,DF,Tottenham Hotspur,23-117,2002,14,8,843.0,9.4,0,1,1,0,0,0,3,0,12,13,3,15,3,11,0,0.0,0.11,0.11,0.0,0.11,75000,3900000
496,Manuel Ugarte,URU,MF,Manchester Utd,24-348,2001,21,7,797.0,8.9,0,0,0,0,0,0,1,0,22,12,0,0,18,27,0,0.0,0.0,0.0,0.0,0.0,120000,6240000
497,Lesley Ugochukwu,FRA,MF,Burnley,21-364,2004,30,22,,21.9,3,1,4,3,0,0,3,1,25,26,1,6,14,25,0,0.14,0.05,0.18,0.14,0.18,55000,2860000
498,Enes Ünal,TUR,FW,Bournemouth,28-319,1997,17,0,186.0,2.1,1,0,1,1,0,0,1,0,6,4,1,2,0,1,0,0.48,0.0,0.48,0.48,0.48,15000,780000
499,Hákon Valdimarsson,ISL,GK,Brentford,24-163,2001,1,1,90.0,1.0,0,0,0,0,0,0,0,0,0,0,0,0,0,0,0,0.0,0.0,0.0,0.0,0.0,10000,520000
500,Virgil van Dijk,NED,DF,Liverpool,34-260,1991,31,31,,31.0,3,0,3,3,0,0,4,0,14,15,1,1,18,13,0,0.1,0.0,0.1,0.1,0.1,350000,18200000
501,Joël Veltman,NED,DF,Brighton,34-069,1992,19,8,850.0,9.4,1,0,1,1,0,0,4,0,9,19,2,11,18,17,0,0.11,0.0,0.11,0.11,0.11,50000,2600000
502,Micky van de Ven,NED,DF,Tottenham Hotspur,24-340,2001,28,28,,26.8,4,1,5,4,0,0,7,1,21,16,1,3,20,16,0,0.15,0.04,0.19,0.15,0.19,90000,4680000
503,Bart Verbruggen,NED,GK,Brighton,23-219,2002,31,31,,31.0,0,0,0,0,0,0,3,0,2,2,0,0,0,1,1,0.0,0.0,0.0,0.0,0.0,35000,1820000
504,Guglielmo Vicario,ITA,GK,Tottenham Hotspur,29-169,1996,31,31,,31.0,0,0,0,0,0,0,1,0,0,3,0,0,0,1,0,0.0,0.0,0.0,0.0,0.0,75000,3900000
506,Kyle Walker,ENG,DF,Burnley,35-301,1990,29,29,,28.3,0,2,2,0,0,0,8,0,27,20,1,29,36,23,0,0.0,0.07,0.07,0.0,0.07,75000,3900000
507,Kyle Walker-Peters,ENG,DF,West Ham United,28-346,1997,18,10,959.0,10.7,1,0,1,1,0,0,2,0,9,18,1,9,7,23,0,0.09,0.0,0.09,0.09,0.09,55000,2860000
508,Aaron Wan-Bissaka,COD,DF,West Ham United,28-119,1997,22,21,,21.1,0,2,2,0,0,0,4,0,21,12,1,40,39,21,0,0.0,0.09,0.09,0.0,0.09,90000,4680000
509,James Ward-Prowse,ENG,MF,West Ham United,31-144,1994,5,5,413.0,4.6,0,0,0,0,0,0,0,0,4,2,0,22,6,2,0,0.0,0.0,0.0,0.0,0.0,115000,5980000
510,James Ward-Prowse,ENG,MF,Burnley,31-144,1994,6,3,317.0,3.5,0,1,1,0,0,0,1,0,3,5,0,27,5,2,0,0.0,0.28,0.28,0.0,0.28,115000,5980000
511,Ollie Watkins,ENG,FW,Aston Villa,30-085,1995,30,27,,25.5,9,1,10,9,0,0,3,0,28,28,18,6,5,12,0,0.35,0.04,0.39,0.35,0.39,130000,6760000
512,Tom Watson,ENG,MF,Brighton,19-351,2006,6,0,62.0,0.7,0,0,0,0,0,0,1,0,3,0,0,0,0,1,0,0.0,0.0,0.0,0.0,0.0,20000,1040000
513,Danny Welbeck,ENG,FW,Brighton,35-119,1990,30,20,,20.3,12,0,12,11,1,3,5,0,23,8,4,3,7,11,0,0.59,0.0,0.59,0.54,0.54,60000,3120000
514,Adam Wharton,ENG,MF,Crystal Palace,22-047,2004,27,26,,24.0,0,5,5,0,0,0,6,1,29,26,0,74,22,33,0,0.0,0.21,0.21,0.0,0.21,35000,1820000
515,Ben White,ENG,DF,Arsenal,28-168,1997,7,5,411.0,4.6,0,1,1,0,0,0,0,0,5,4,2,13,3,7,0,0.0,0.22,0.22,0.0,0.22,150000,7800000
516,Mats Wieffer,NED,DF,Brighton,26-129,1999,21,18,,17.5,0,3,3,0,0,0,7,0,26,18,2,10,23,37,0,0.0,0.17,0.17,0.0,0.17,60000,3120000
517,Neco Williams,WAL,DF,Nottingham Forest,24-346,2001,30,30,,29.1,1,3,4,1,0,0,5,1,24,47,3,106,35,50,0,0.03,0.1,0.14,0.03,0.14,65000,3380000
519,Joe Willock,ENG,MF,Newcastle United,26-217,1999,20,7,703.0,7.8,0,1,1,0,0,0,3,0,15,8,1,12,4,15,0,0.0,0.13,0.13,0.0,0.13,80000,4160000
520,Callum Wilson,ENG,FW,West Ham United,34-026,1992,25,10,,11.7,5,1,6,5,0,0,0,0,10,12,8,4,3,1,0,0.43,0.09,0.51,0.43,0.51,50000,2600000
521,Harry Wilson,WAL,MF,Fulham,29-003,1997,29,27,,25.1,10,6,16,10,0,0,6,0,11,31,10,96,14,16,0,0.4,0.24,0.64,0.4,0.64,55000,2860000
522,Ben Winterburn,ENG,MF,Bournemouth,21-202,2004,1,0,7.0,0.1,0,0,0,0,0,0,0,0,0,0,0,0,0,0,0,0.0,0.0,0.0,0.0,0.0,2000,104000
523,Florian Wirtz,GER,MF,Liverpool,22-326,2003,27,23,,22.3,4,2,6,4,0,0,1,0,19,17,2,30,10,24,0,0.18,0.09,0.27,0.18,0.27,200000,10400000
524,Yoane Wissa,COD,FW,Newcastle United,29-203,1996,13,4,431.0,4.8,1,0,1,1,0,0,1,0,4,1,4,1,0,3,0,0.21,0.0,0.21,0.21,0.21,140000,7280000
525,Nick Woltemade,GER,FW,Newcastle United,24-039,2002,27,21,,18.5,7,3,10,6,1,1,0,0,18,18,8,3,4,12,1,0.38,0.16,0.54,0.32,0.49,132500,6890000
526,Chris Wood,NZL,FW,Nottingham Forest,34-108,1991,8,7,540.0,6.0,2,0,2,2,0,0,0,0,5,4,3,1,0,1,0,0.33,0.0,0.33,0.33,0.33,90000,4680000
527,Joe Worrall,ENG,DF,Burnley,29-074,1997,11,5,500.0,5.6,0,0,0,0,0,0,0,0,4,1,0,0,6,2,0,0.0,0.0,0.0,0.0,0.0,40000,2080000
528,Granit Xhaka,SUI,MF,Sunderland,33-179,1992,27,25,,25.3,1,5,6,1,0,0,5,0,18,31,0,75,23,24,0,0.04,0.2,0.24,0.04,0.24,110000,5720000
530,Ryan Yates,ENG,MF,Nottingham Forest,28-124,1997,16,1,415.0,4.6,0,1,1,0,0,0,1,0,8,9,0,3,6,8,0,0.0,0.22,0.22,0.0,0.22,50000,2600000
531,Leny Yoro,FRA,DF,Manchester Utd,20-132,2005,28,17,,17.9,0,0,0,0,0,0,1,0,16,3,2,3,25,19,0,0.0,0.0,0.0,0.0,0.0,115000,5980000
532,Oleksandr Zinchenko,UKR,DF,Nottingham Forest,29-100,1996,5,4,353.0,3.9,0,0,0,0,0,0,0,0,1,2,1,18,2,6,0,0.0,0.0,0.0,0.0,0.0,30000,1560000
533,Joshua Zirkzee,NED,FW,Manchester Utd,24-307,2001,18,4,523.0,5.8,2,1,3,2,0,0,1,0,7,4,1,5,1,5,0,0.34,0.17,0.52,0.34,0.52,105000,5460000
534,Martín Zubimendi,ESP,MF,Arsenal,27-051,1999,31,30,,28.8,5,1,6,5,0,0,4,0,27,10,0,12,35,31,0,0.17,0.03,0.21,0.17,0.21,75000,3900000
535,Martin Ødegaard,NOR,MF,Arsenal,27-098,1998,20,13,,12.0,1,5,6,1,0,0,0,0,7,7,2,20,7,7,0,0.08,0.42,0.5,0.08,0.5,240000,12480000
